gens,best_fitness,avg_fitness,best_gene
1,0.00020024028834601522,0.0001501668305981845,"[8, 3, 4, 5, 11, 6, 10, 2, 12, 0, 9, 1, 13, 7]"
2,0.00020024028834601522,0.00015146993529121394,"[8, 3, 4, 5, 11, 6, 10, 2, 12, 0, 9, 1, 13, 7]"
3,0.00020024028834601522,0.0001519590497629018,"[8, 3, 4, 5, 11, 6, 10, 2, 12, 0, 9, 1, 13, 7]"
4,0.00020024028834601522,0.00015252921564720944,"[8, 3, 4, 5, 11, 6, 10, 2, 12, 0, 9, 1, 13, 7]"
5,0.00020024028834601522,0.000153340894123284,"[8, 3, 4, 5, 11, 6, 10, 2, 12, 0, 9, 1, 13, 7]"
6,0.00020024028834601522,0.00015415316542504888,"[8, 3, 4, 5, 11, 6, 10, 2, 12, 0, 9, 1, 13, 7]"
7,0.00020024028834601522,0.00015466582410739329,"[8, 3, 4, 5, 11, 6, 10, 2, 12, 0, 9, 1, 13, 7]"
8,0.00020024028834601522,0.00015543807148299423,"[8, 3, 4, 5, 11, 6, 10, 2, 12, 0, 9, 1, 13, 7]"
9,0.00020024028834601522,0.0001563911991021615,"[8, 3, 4, 5, 11, 6, 10, 2, 12, 0, 9, 1, 13, 7]"
10,0.00020024028834601522,0.00015713029700169527,"[8, 3, 4, 5, 11, 6, 10, 2, 12, 0, 9, 1, 13, 7]"
11,0.00020889910173386254,0.00015805093197034624,"[8, 3, 4, 5, 11, 6, 12, 13, 10, 0, 9, 1, 2, 7]"
12,0.00020889910173386254,0.00015894307721683214,"[8, 3, 4, 5, 11, 6, 12, 13, 10, 0, 9, 1, 2, 7]"
13,0.00020889910173386254,0.0001599275894231169,"[8, 3, 4, 5, 11, 6, 12, 13, 10, 0, 9, 1, 2, 7]"
14,0.00020889910173386254,0.00016049431996768024,"[8, 3, 4, 5, 11, 6, 12, 13, 10, 0, 9, 1, 2, 7]"
15,0.00020889910173386254,0.0001607352163818285,"[8, 3, 4, 5, 11, 6, 12, 13, 10, 0, 9, 1, 2, 7]"
16,0.00020889910173386254,0.00016157783592184047,"[8, 3, 4, 5, 11, 6, 12, 13, 10, 0, 9, 1, 2, 7]"
17,0.00020889910173386254,0.0001623977681588395,"[8, 3, 4, 5, 11, 6, 12, 13, 10, 0, 9, 1, 2, 7]"
18,0.0002212878955521133,0.0001633253172227777,"[12, 4, 1, 6, 11, 5, 7, 0, 13, 10, 8, 9, 2, 3]"
19,0.0002212878955521133,0.00016401615826452308,"[12, 4, 1, 6, 11, 5, 7, 0, 13, 10, 8, 9, 2, 3]"
20,0.0002212878955521133,0.0001651021320120162,"[12, 4, 1, 6, 11, 5, 7, 0, 13, 10, 8, 9, 2, 3]"
21,0.0002212878955521133,0.00016524065633882244,"[12, 4, 1, 6, 11, 5, 7, 0, 13, 10, 8, 9, 2, 3]"
22,0.0002212878955521133,0.00016600279688765672,"[12, 4, 1, 6, 11, 5, 7, 0, 13, 10, 8, 9, 2, 3]"
23,0.0002212878955521133,0.00016620496854665253,"[12, 4, 1, 6, 11, 5, 7, 0, 13, 10, 8, 9, 2, 3]"
24,0.0002212878955521133,0.00016735407180711856,"[12, 4, 1, 6, 11, 5, 7, 0, 13, 10, 8, 9, 2, 3]"
25,0.0002212878955521133,0.0001684050413101429,"[12, 4, 1, 6, 11, 5, 7, 0, 13, 10, 8, 9, 2, 3]"
26,0.0002212878955521133,0.00016917237684434548,"[12, 4, 1, 6, 11, 5, 7, 0, 13, 10, 8, 9, 2, 3]"
27,0.0002212878955521133,0.00017043748204415303,"[12, 4, 1, 6, 11, 5, 7, 0, 13, 10, 8, 9, 2, 3]"
28,0.0002212878955521133,0.0001715201098457901,"[12, 4, 1, 6, 11, 5, 7, 0, 13, 10, 8, 9, 2, 3]"
29,0.0002212878955521133,0.0001722800373099603,"[12, 4, 1, 6, 11, 5, 7, 0, 13, 10, 8, 9, 2, 3]"
30,0.0002212878955521133,0.00017368071667903036,"[12, 4, 1, 6, 11, 5, 7, 0, 13, 10, 8, 9, 2, 3]"
31,0.0002212878955521133,0.00017444702362998097,"[12, 4, 1, 6, 11, 5, 7, 0, 13, 10, 8, 9, 2, 3]"
32,0.0002212878955521133,0.00017561198854086746,"[12, 4, 1, 6, 11, 5, 7, 0, 13, 10, 8, 9, 2, 3]"
33,0.0002212878955521133,0.00017615091746456973,"[12, 4, 1, 6, 11, 5, 7, 0, 13, 10, 8, 9, 2, 3]"
34,0.0002212878955521133,0.00017742441928387043,"[12, 4, 1, 6, 11, 5, 7, 0, 13, 10, 8, 9, 2, 3]"
35,0.0002212878955521133,0.00017742441928387043,"[12, 4, 1, 6, 11, 5, 7, 0, 13, 10, 8, 9, 2, 3]"
36,0.0002212878955521133,0.00017797785399555188,"[12, 4, 1, 6, 11, 5, 7, 0, 13, 10, 8, 9, 2, 3]"
37,0.0002212878955521133,0.00017909869931734612,"[12, 4, 1, 6, 11, 5, 7, 0, 13, 10, 8, 9, 2, 3]"
38,0.0002212878955521133,0.00018000346501287467,"[12, 4, 1, 6, 11, 5, 7, 0, 13, 10, 8, 9, 2, 3]"
39,0.0002212878955521133,0.00018026880133984642,"[12, 4, 1, 6, 11, 5, 7, 0, 13, 10, 8, 9, 2, 3]"
40,0.0002212878955521133,0.00018146101009848206,"[12, 4, 1, 6, 11, 5, 7, 0, 13, 10, 8, 9, 2, 3]"
41,0.0002212878955521133,0.0001826053058374512,"[12, 4, 1, 6, 11, 5, 7, 0, 13, 10, 8, 9, 2, 3]"
42,0.0002212878955521133,0.00018363886359713542,"[12, 4, 1, 6, 11, 5, 7, 0, 13, 10, 8, 9, 2, 3]"
43,0.0002212878955521133,0.00018423409823129219,"[12, 4, 1, 6, 11, 5, 7, 0, 13, 10, 8, 9, 2, 3]"
44,0.0002212878955521133,0.00018547876686131576,"[12, 4, 1, 6, 11, 5, 7, 0, 13, 10, 8, 9, 2, 3]"
45,0.0002212878955521133,0.00018671372176964622,"[12, 4, 1, 6, 11, 5, 7, 0, 13, 10, 8, 9, 2, 3]"
46,0.0002212878955521133,0.00018747602359103638,"[12, 4, 1, 6, 11, 5, 7, 0, 13, 10, 8, 9, 2, 3]"
47,0.0002212878955521133,0.0001875649915629413,"[12, 4, 1, 6, 11, 5, 7, 0, 13, 10, 8, 9, 2, 3]"
48,0.0002212878955521133,0.00018801287312813938,"[12, 4, 1, 6, 11, 5, 7, 0, 13, 10, 8, 9, 2, 3]"
49,0.0002212878955521133,0.00018803982850495134,"[12, 4, 1, 6, 11, 5, 7, 0, 13, 10, 8, 9, 2, 3]"
50,0.0002212878955521133,0.00018805828027864394,"[12, 4, 1, 6, 11, 5, 7, 0, 13, 10, 8, 9, 2, 3]"
51,0.0002212878955521133,0.00018806444626308467,"[12, 4, 1, 6, 11, 5, 7, 0, 13, 10, 8, 9, 2, 3]"
52,0.0002212878955521133,0.00018872317262534443,"[12, 4, 1, 6, 11, 5, 7, 0, 13, 10, 8, 9, 2, 3]"
53,0.0002212878955521133,0.00018877422764400836,"[12, 4, 1, 6, 11, 5, 7, 0, 13, 10, 8, 9, 2, 3]"
54,0.0002212878955521133,0.00018988031470666136,"[12, 4, 1, 6, 11, 5, 7, 0, 13, 10, 8, 9, 2, 3]"
55,0.0002212878955521133,0.00018995105150111237,"[12, 4, 1, 6, 11, 5, 7, 0, 13, 10, 8, 9, 2, 3]"
56,0.0002212878955521133,0.00018995105150111237,"[12, 4, 1, 6, 11, 5, 7, 0, 13, 10, 8, 9, 2, 3]"
57,0.0002212878955521133,0.0001910075307196116,"[12, 4, 1, 6, 11, 5, 7, 0, 13, 10, 8, 9, 2, 3]"
58,0.0002212878955521133,0.00019208889250764739,"[12, 4, 1, 6, 11, 5, 7, 0, 13, 10, 8, 9, 2, 3]"
59,0.0002212878955521133,0.00019214445751933475,"[12, 4, 1, 6, 11, 5, 7, 0, 13, 10, 8, 9, 2, 3]"
60,0.0002212878955521133,0.00019320642613433747,"[12, 4, 1, 6, 11, 5, 7, 0, 13, 10, 8, 9, 2, 3]"
61,0.0002212878955521133,0.00019426694146110923,"[12, 4, 1, 6, 11, 5, 7, 0, 13, 10, 8, 9, 2, 3]"
62,0.0002212878955521133,0.0001952874567324234,"[12, 4, 1, 6, 11, 5, 7, 0, 13, 10, 8, 9, 2, 3]"
63,0.0002212878955521133,0.0001952874567324234,"[12, 4, 1, 6, 11, 5, 7, 0, 13, 10, 8, 9, 2, 3]"
64,0.0002212878955521133,0.0001952874567324234,"[12, 4, 1, 6, 11, 5, 7, 0, 13, 10, 8, 9, 2, 3]"
65,0.0002212878955521133,0.0001952874567324234,"[12, 4, 1, 6, 11, 5, 7, 0, 13, 10, 8, 9, 2, 3]"
66,0.0002212878955521133,0.0001952874567324234,"[12, 4, 1, 6, 11, 5, 7, 0, 13, 10, 8, 9, 2, 3]"
67,0.0002212878955521133,0.000195937750443622,"[12, 4, 1, 6, 11, 5, 7, 0, 13, 10, 8, 9, 2, 3]"
68,0.0002212878955521133,0.000195937750443622,"[12, 4, 1, 6, 11, 5, 7, 0, 13, 10, 8, 9, 2, 3]"
69,0.0002212878955521133,0.0001959628043152725,"[12, 4, 1, 6, 11, 5, 7, 0, 13, 10, 8, 9, 2, 3]"
70,0.0002212878955521133,0.00019636901662225934,"[12, 4, 1, 6, 11, 5, 7, 0, 13, 10, 8, 9, 2, 3]"
71,0.0002212878955521133,0.0001968499022909292,"[12, 4, 1, 6, 11, 5, 7, 0, 13, 10, 8, 9, 2, 3]"
72,0.0002212878955521133,0.0001968499022909292,"[12, 4, 1, 6, 11, 5, 7, 0, 13, 10, 8, 9, 2, 3]"
73,0.0002212878955521133,0.0001968499022909292,"[12, 4, 1, 6, 11, 5, 7, 0, 13, 10, 8, 9, 2, 3]"
74,0.0002212878955521133,0.00019719736931739983,"[12, 4, 1, 6, 11, 5, 7, 0, 13, 10, 8, 9, 2, 3]"
75,0.0002212878955521133,0.00019815315894810618,"[12, 4, 1, 6, 11, 5, 7, 0, 13, 10, 8, 9, 2, 3]"
76,0.0002212878955521133,0.000198546723016412,"[12, 4, 1, 6, 11, 5, 7, 0, 13, 10, 8, 9, 2, 3]"
77,0.0002212878955521133,0.000198546723016412,"[12, 4, 1, 6, 11, 5, 7, 0, 13, 10, 8, 9, 2, 3]"
78,0.0002212878955521133,0.00019889298215400647,"[12, 4, 1, 6, 11, 5, 7, 0, 13, 10, 8, 9, 2, 3]"
79,0.0002212878955521133,0.00019943357259538677,"[12, 4, 1, 6, 11, 5, 7, 0, 13, 10, 8, 9, 2, 3]"
80,0.0002212878955521133,0.00019943357259538677,"[12, 4, 1, 6, 11, 5, 7, 0, 13, 10, 8, 9, 2, 3]"
81,0.00022241992882562276,0.00020028778655972916,"[8, 10, 0, 9, 1, 6, 3, 2, 12, 4, 5, 11, 13, 7]"
82,0.00022241992882562276,0.00020028778655972916,"[8, 10, 0, 9, 1, 6, 3, 2, 12, 4, 5, 11, 13, 7]"
83,0.00022241992882562276,0.00020028778655972916,"[8, 10, 0, 9, 1, 6, 3, 2, 12, 4, 5, 11, 13, 7]"
84,0.00022241992882562276,0.00020028778655972916,"[8, 10, 0, 9, 1, 6, 3, 2, 12, 4, 5, 11, 13, 7]"
85,0.00022241992882562276,0.00020113957517960582,"[8, 10, 0, 9, 1, 6, 3, 2, 12, 4, 5, 11, 13, 7]"
86,0.00022241992882562276,0.00020188808777739855,"[8, 10, 0, 9, 1, 6, 3, 2, 12, 4, 5, 11, 13, 7]"
87,0.00022241992882562276,0.00020188808777739855,"[8, 10, 0, 9, 1, 6, 3, 2, 12, 4, 5, 11, 13, 7]"
88,0.00022241992882562276,0.0002020388576654579,"[8, 10, 0, 9, 1, 6, 3, 2, 12, 4, 5, 11, 13, 7]"
89,0.00022241992882562276,0.00020218183579732887,"[8, 10, 0, 9, 1, 6, 3, 2, 12, 4, 5, 11, 13, 7]"
90,0.00022241992882562276,0.00020218183579732887,"[8, 10, 0, 9, 1, 6, 3, 2, 12, 4, 5, 11, 13, 7]"
91,0.00022241992882562276,0.00020218183579732887,"[8, 10, 0, 9, 1, 6, 3, 2, 12, 4, 5, 11, 13, 7]"
92,0.00022241992882562276,0.00020300211069416345,"[8, 10, 0, 9, 1, 6, 3, 2, 12, 4, 5, 11, 13, 7]"
93,0.00022241992882562276,0.00020346811882366236,"[8, 10, 0, 9, 1, 6, 3, 2, 12, 4, 5, 11, 13, 7]"
94,0.00022241992882562276,0.00020428930567150554,"[8, 10, 0, 9, 1, 6, 3, 2, 12, 4, 5, 11, 13, 7]"
95,0.00022241992882562276,0.0002046354210577322,"[8, 10, 0, 9, 1, 6, 3, 2, 12, 4, 5, 11, 13, 7]"
96,0.00022241992882562276,0.00020535479635857583,"[8, 10, 0, 9, 1, 6, 3, 2, 12, 4, 5, 11, 13, 7]"
97,0.00022241992882562276,0.00020535479635857583,"[8, 10, 0, 9, 1, 6, 3, 2, 12, 4, 5, 11, 13, 7]"
98,0.00022241992882562276,0.00020580143311268285,"[8, 10, 0, 9, 1, 6, 3, 2, 12, 4, 5, 11, 13, 7]"
99,0.00022241992882562276,0.00020628243745422967,"[8, 10, 0, 9, 1, 6, 3, 2, 12, 4, 5, 11, 13, 7]"
100,0.00022241992882562276,0.00020649750021906833,"[8, 10, 0, 9, 1, 6, 3, 2, 12, 4, 5, 11, 13, 7]"
101,0.00022241992882562276,0.0002072731707862484,"[8, 10, 0, 9, 1, 6, 3, 2, 12, 4, 5, 11, 13, 7]"
102,0.00022241992882562276,0.00020764281518793394,"[8, 10, 0, 9, 1, 6, 3, 2, 12, 4, 5, 11, 13, 7]"
103,0.00022241992882562276,0.00020841283980072817,"[8, 10, 0, 9, 1, 6, 3, 2, 12, 4, 5, 11, 13, 7]"
104,0.00022241992882562276,0.00020841283980072817,"[8, 10, 0, 9, 1, 6, 3, 2, 12, 4, 5, 11, 13, 7]"
105,0.00022241992882562276,0.00020857274193085765,"[8, 10, 0, 9, 1, 6, 3, 2, 12, 4, 5, 11, 13, 7]"
106,0.00022241992882562276,0.00020857274193085765,"[8, 10, 0, 9, 1, 6, 3, 2, 12, 4, 5, 11, 13, 7]"
107,0.00022241992882562276,0.00020929462735692732,"[8, 10, 0, 9, 1, 6, 3, 2, 12, 4, 5, 11, 13, 7]"
108,0.00022241992882562276,0.0002100668931939996,"[8, 10, 0, 9, 1, 6, 3, 2, 12, 4, 5, 11, 13, 7]"
109,0.00022241992882562276,0.00021008266267328316,"[8, 10, 0, 9, 1, 6, 3, 2, 12, 4, 5, 11, 13, 7]"
110,0.00022241992882562276,0.00021008266267328316,"[8, 10, 0, 9, 1, 6, 3, 2, 12, 4, 5, 11, 13, 7]"
111,0.00022241992882562276,0.00021084374561557734,"[8, 10, 0, 9, 1, 6, 3, 2, 12, 4, 5, 11, 13, 7]"
112,0.00022241992882562276,0.00021119355127730124,"[8, 10, 0, 9, 1, 6, 3, 2, 12, 4, 5, 11, 13, 7]"
113,0.00022241992882562276,0.00021193549032117725,"[8, 10, 0, 9, 1, 6, 3, 2, 12, 4, 5, 11, 13, 7]"
114,0.00022241992882562276,0.00021261790512033002,"[8, 10, 0, 9, 1, 6, 3, 2, 12, 4, 5, 11, 13, 7]"
115,0.00022241992882562276,0.00021326019942464179,"[8, 10, 0, 9, 1, 6, 3, 2, 12, 4, 5, 11, 13, 7]"
116,0.00022241992882562276,0.00021387341098381778,"[8, 10, 0, 9, 1, 6, 3, 2, 12, 4, 5, 11, 13, 7]"
117,0.00022241992882562276,0.000214459974974459,"[8, 10, 0, 9, 1, 6, 3, 2, 12, 4, 5, 11, 13, 7]"
118,0.00022241992882562276,0.000214459974974459,"[8, 10, 0, 9, 1, 6, 3, 2, 12, 4, 5, 11, 13, 7]"
119,0.00022241992882562276,0.00021448030401350872,"[8, 10, 0, 9, 1, 6, 3, 2, 12, 4, 5, 11, 13, 7]"
120,0.00022241992882562276,0.00021448030401350872,"[8, 10, 0, 9, 1, 6, 3, 2, 12, 4, 5, 11, 13, 7]"
121,0.00022241992882562276,0.00021505420682989943,"[8, 10, 0, 9, 1, 6, 3, 2, 12, 4, 5, 11, 13, 7]"
122,0.00022241992882562276,0.000215617601521408,"[8, 10, 0, 9, 1, 6, 3, 2, 12, 4, 5, 11, 13, 7]"
123,0.00022241992882562276,0.00021599393275696592,"[8, 10, 0, 9, 1, 6, 3, 2, 12, 4, 5, 11, 13, 7]"
124,0.00022241992882562276,0.00021651999362020129,"[8, 10, 0, 9, 1, 6, 3, 2, 12, 4, 5, 11, 13, 7]"
125,0.00022241992882562276,0.00021696918803914078,"[8, 10, 0, 9, 1, 6, 3, 2, 12, 4, 5, 11, 13, 7]"
126,0.00022241992882562276,0.0002174143840536036,"[8, 10, 0, 9, 1, 6, 3, 2, 12, 4, 5, 11, 13, 7]"
127,0.00022241992882562276,0.00021785877846563107,"[8, 10, 0, 9, 1, 6, 3, 2, 12, 4, 5, 11, 13, 7]"
128,0.00022241992882562276,0.00021808057487042717,"[8, 10, 0, 9, 1, 6, 3, 2, 12, 4, 5, 11, 13, 7]"
129,0.00022241992882562276,0.00021829189171101833,"[8, 10, 0, 9, 1, 6, 3, 2, 12, 4, 5, 11, 13, 7]"
130,0.00022241992882562276,0.00021864608055193586,"[8, 10, 0, 9, 1, 6, 3, 2, 12, 4, 5, 11, 13, 7]"
131,0.00022241992882562276,0.00021895188304293562,"[8, 10, 0, 9, 1, 6, 3, 2, 12, 4, 5, 11, 13, 7]"
132,0.00022241992882562276,0.0002190949168785384,"[8, 10, 0, 9, 1, 6, 3, 2, 12, 4, 5, 11, 13, 7]"
133,0.00022241992882562276,0.00021937142504175307,"[8, 10, 0, 9, 1, 6, 3, 2, 12, 4, 5, 11, 13, 7]"
134,0.00022241992882562276,0.00021963439947499428,"[8, 10, 0, 9, 1, 6, 3, 2, 12, 4, 5, 11, 13, 7]"
135,0.00022241992882562276,0.00021963439947499428,"[8, 10, 0, 9, 1, 6, 3, 2, 12, 4, 5, 11, 13, 7]"
136,0.00022241992882562276,0.00021976260211684515,"[8, 10, 0, 9, 1, 6, 3, 2, 12, 4, 5, 11, 13, 7]"
137,0.00022241992882562276,0.00021989080475869597,"[8, 10, 0, 9, 1, 6, 3, 2, 12, 4, 5, 11, 13, 7]"
138,0.00022241992882562276,0.00022001416371081775,"[8, 10, 0, 9, 1, 6, 3, 2, 12, 4, 5, 11, 13, 7]"
139,0.00022241992882562276,0.00022024755704633318,"[8, 10, 0, 9, 1, 6, 3, 2, 12, 4, 5, 11, 13, 7]"
140,0.00022241992882562276,0.00022042015315459012,"[8, 10, 0, 9, 1, 6, 3, 2, 12, 4, 5, 11, 13, 7]"
141,0.00022241992882562276,0.00022049057255915043,"[8, 10, 0, 9, 1, 6, 3, 2, 12, 4, 5, 11, 13, 7]"
142,0.00022241992882562276,0.00022056052798700168,"[8, 10, 0, 9, 1, 6, 3, 2, 12, 4, 5, 11, 13, 7]"
143,0.00022241992882562276,0.00022056052798700168,"[8, 10, 0, 9, 1, 6, 3, 2, 12, 4, 5, 11, 13, 7]"
144,0.00022241992882562276,0.00022068520796619958,"[8, 10, 0, 9, 1, 6, 3, 2, 12, 4, 5, 11, 13, 7]"
145,0.00022241992882562276,0.00022075516339405084,"[8, 10, 0, 9, 1, 6, 3, 2, 12, 4, 5, 11, 13, 7]"
146,0.00024594195769798326,0.0002211302945384769,"[8, 10, 0, 9, 1, 6, 12, 2, 3, 4, 5, 11, 13, 7]"
147,0.00024594195769798326,0.0002212576020173146,"[8, 10, 0, 9, 1, 6, 12, 2, 3, 4, 5, 11, 13, 7]"
148,0.00024594195769798326,0.00022129839519203373,"[8, 10, 0, 9, 1, 6, 12, 2, 3, 4, 5, 11, 13, 7]"
149,0.00024594195769798326,0.00022137902788079775,"[8, 10, 0, 9, 1, 6, 12, 2, 3, 4, 5, 11, 13, 7]"
150,0.00024594195769798326,0.0002214596605695618,"[8, 10, 0, 9, 1, 6, 12, 2, 3, 4, 5, 11, 13, 7]"
151,0.00024594195769798326,0.00022153209531521826,"[8, 10, 0, 9, 1, 6, 12, 2, 3, 4, 5, 11, 13, 7]"
152,0.00024594195769798326,0.00022160903108730246,"[8, 10, 0, 9, 1, 6, 12, 2, 3, 4, 5, 11, 13, 7]"
153,0.00024594195769798326,0.0002216896637760665,"[8, 10, 0, 9, 1, 6, 12, 2, 3, 4, 5, 11, 13, 7]"
154,0.00024594195769798326,0.00022175113539491282,"[8, 10, 0, 9, 1, 6, 12, 2, 3, 4, 5, 11, 13, 7]"
155,0.00024594195769798326,0.00022204782730248272,"[8, 10, 0, 9, 1, 6, 12, 2, 3, 4, 5, 11, 13, 7]"
156,0.00024594195769798326,0.0002223445192100526,"[8, 10, 0, 9, 1, 6, 12, 2, 3, 4, 5, 11, 13, 7]"
157,0.00024594195769798326,0.00022235953629659057,"[8, 10, 0, 9, 1, 6, 12, 2, 3, 4, 5, 11, 13, 7]"
158,0.00024594195769798326,0.0002223902721060137,"[8, 10, 0, 9, 1, 6, 12, 2, 3, 4, 5, 11, 13, 7]"
159,0.00024594195769798326,0.00022245174372486,"[8, 10, 0, 9, 1, 6, 12, 2, 3, 4, 5, 11, 13, 7]"
160,0.00024594195769798326,0.00022250951842702648,"[8, 10, 0, 9, 1, 6, 12, 2, 3, 4, 5, 11, 13, 7]"
161,0.00024594195769798326,0.00022279097945809186,"[8, 10, 0, 9, 1, 6, 12, 2, 3, 4, 5, 11, 13, 7]"
162,0.00024594195769798326,0.0002228794899696815,"[8, 10, 0, 9, 1, 6, 12, 2, 3, 4, 5, 11, 13, 7]"
163,0.00024594195769798326,0.00022317618187725138,"[8, 10, 0, 9, 1, 6, 12, 2, 3, 4, 5, 11, 13, 7]"
164,0.00024594195769798326,0.00022329173128158436,"[8, 10, 0, 9, 1, 6, 12, 2, 3, 4, 5, 11, 13, 7]"
165,0.00024594195769798326,0.00022358842318915425,"[8, 10, 0, 9, 1, 6, 12, 2, 3, 4, 5, 11, 13, 7]"
166,0.00024594195769798326,0.00022388511509672415,"[8, 10, 0, 9, 1, 6, 12, 2, 3, 4, 5, 11, 13, 7]"
167,0.00024594195769798326,0.00022397362560831378,"[8, 10, 0, 9, 1, 6, 12, 2, 3, 4, 5, 11, 13, 7]"
168,0.00024594195769798326,0.00022450553780460728,"[8, 10, 0, 9, 1, 6, 12, 2, 3, 4, 5, 11, 13, 7]"
169,0.00024594195769798326,0.00022503745000090078,"[8, 10, 0, 9, 1, 6, 12, 2, 3, 4, 5, 11, 13, 7]"
170,0.00024594195769798326,0.0002255693621971943,"[8, 10, 0, 9, 1, 6, 12, 2, 3, 4, 5, 11, 13, 7]"
171,0.00024594195769798326,0.00022586257097805096,"[8, 10, 0, 9, 1, 6, 12, 2, 3, 4, 5, 11, 13, 7]"
172,0.00024594195769798326,0.0002263595627647378,"[8, 10, 0, 9, 1, 6, 12, 2, 3, 4, 5, 11, 13, 7]"
173,0.00024594195769798326,0.00022685264400765522,"[8, 10, 0, 9, 1, 6, 12, 2, 3, 4, 5, 11, 13, 7]"
174,0.00024594195769798326,0.00022728611368895153,"[8, 10, 0, 9, 1, 6, 12, 2, 3, 4, 5, 11, 13, 7]"
175,0.00024594195769798326,0.00022752133397767514,"[8, 10, 0, 9, 1, 6, 12, 2, 3, 4, 5, 11, 13, 7]"
176,0.00024594195769798326,0.00022754837287041846,"[8, 10, 0, 9, 1, 6, 12, 2, 3, 4, 5, 11, 13, 7]"
177,0.00024594195769798326,0.00022766116820707456,"[8, 10, 0, 9, 1, 6, 12, 2, 3, 4, 5, 11, 13, 7]"
178,0.00024594195769798326,0.00022813160878452178,"[8, 10, 0, 9, 1, 6, 12, 2, 3, 4, 5, 11, 13, 7]"
179,0.00024594195769798326,0.00022854243780034793,"[8, 10, 0, 9, 1, 6, 12, 2, 3, 4, 5, 11, 13, 7]"
180,0.00024594195769798326,0.00022901287837779515,"[8, 10, 0, 9, 1, 6, 12, 2, 3, 4, 5, 11, 13, 7]"
181,0.00024594195769798326,0.00022948331895524237,"[8, 10, 0, 9, 1, 6, 12, 2, 3, 4, 5, 11, 13, 7]"
182,0.00024594195769798326,0.00022951492837440773,"[8, 10, 0, 9, 1, 6, 12, 2, 3, 4, 5, 11, 13, 7]"
183,0.00024594195769798326,0.00022998536895185495,"[8, 10, 0, 9, 1, 6, 12, 2, 3, 4, 5, 11, 13, 7]"
184,0.00024594195769798326,0.00023022058924057856,"[8, 10, 0, 9, 1, 6, 12, 2, 3, 4, 5, 11, 13, 7]"
185,0.00024594195769798326,0.00023069102981802578,"[8, 10, 0, 9, 1, 6, 12, 2, 3, 4, 5, 11, 13, 7]"
186,0.00024594195769798326,0.00023087009897485489,"[8, 10, 0, 9, 1, 6, 12, 2, 3, 4, 5, 11, 13, 7]"
187,0.00024594195769798326,0.00023134053955230208,"[8, 10, 0, 9, 1, 6, 12, 2, 3, 4, 5, 11, 13, 7]"
188,0.00024594195769798326,0.00023181098012974927,"[8, 10, 0, 9, 1, 6, 12, 2, 3, 4, 5, 11, 13, 7]"
189,0.00024594195769798326,0.0002322814207071965,"[8, 10, 0, 9, 1, 6, 12, 2, 3, 4, 5, 11, 13, 7]"
190,0.00024594195769798326,0.0002327518612846437,"[8, 10, 0, 9, 1, 6, 12, 2, 3, 4, 5, 11, 13, 7]"
191,0.00024594195769798326,0.00023322230186209093,"[8, 10, 0, 9, 1, 6, 12, 2, 3, 4, 5, 11, 13, 7]"
192,0.00024594195769798326,0.00023322230186209093,"[8, 10, 0, 9, 1, 6, 12, 2, 3, 4, 5, 11, 13, 7]"
193,0.00024594195769798326,0.0002336927424395381,"[8, 10, 0, 9, 1, 6, 12, 2, 3, 4, 5, 11, 13, 7]"
194,0.00024594195769798326,0.0002339279627282617,"[8, 10, 0, 9, 1, 6, 12, 2, 3, 4, 5, 11, 13, 7]"
195,0.00024594195769798326,0.00023416318301698532,"[8, 10, 0, 9, 1, 6, 12, 2, 3, 4, 5, 11, 13, 7]"
196,0.00024594195769798326,0.00023463362359443254,"[8, 10, 0, 9, 1, 6, 12, 2, 3, 4, 5, 11, 13, 7]"
197,0.00024594195769798326,0.00023510406417187976,"[8, 10, 0, 9, 1, 6, 12, 2, 3, 4, 5, 11, 13, 7]"
198,0.00024594195769798326,0.00023557450474932698,"[8, 10, 0, 9, 1, 6, 12, 2, 3, 4, 5, 11, 13, 7]"
199,0.00024594195769798326,0.00023579845530339753,"[8, 10, 0, 9, 1, 6, 12, 2, 3, 4, 5, 11, 13, 7]"
200,0.00024594195769798326,0.00023626889588084475,"[8, 10, 0, 9, 1, 6, 12, 2, 3, 4, 5, 11, 13, 7]"
201,0.00024594195769798326,0.00023648253179492886,"[8, 10, 0, 9, 1, 6, 12, 2, 3, 4, 5, 11, 13, 7]"
202,0.00024594195769798326,0.00023695297237237608,"[8, 10, 0, 9, 1, 6, 12, 2, 3, 4, 5, 11, 13, 7]"
203,0.00024594195769798326,0.0002373638013882022,"[8, 10, 0, 9, 1, 6, 12, 2, 3, 4, 5, 11, 13, 7]"
204,0.00024594195769798326,0.00023783424196564942,"[8, 10, 0, 9, 1, 6, 12, 2, 3, 4, 5, 11, 13, 7]"
205,0.00024594195769798326,0.00023817634855283925,"[8, 10, 0, 9, 1, 6, 12, 2, 3, 4, 5, 11, 13, 7]"
206,0.00024594195769798326,0.00023864678913028647,"[8, 10, 0, 9, 1, 6, 12, 2, 3, 4, 5, 11, 13, 7]"
207,0.00024594195769798326,0.00023911722970773364,"[8, 10, 0, 9, 1, 6, 12, 2, 3, 4, 5, 11, 13, 7]"
208,0.00024594195769798326,0.00023935244999645725,"[8, 10, 0, 9, 1, 6, 12, 2, 3, 4, 5, 11, 13, 7]"
209,0.00024594195769798326,0.00023982289057390447,"[8, 10, 0, 9, 1, 6, 12, 2, 3, 4, 5, 11, 13, 7]"
210,0.00024594195769798326,0.00024022225645137208,"[8, 10, 0, 9, 1, 6, 12, 2, 3, 4, 5, 11, 13, 7]"
211,0.00024594195769798326,0.0002406926970288193,"[8, 10, 0, 9, 1, 6, 12, 2, 3, 4, 5, 11, 13, 7]"
212,0.00024594195769798326,0.0002411631376062665,"[8, 10, 0, 9, 1, 6, 12, 2, 3, 4, 5, 11, 13, 7]"
213,0.00024594195769798326,0.0002416203425597671,"[8, 10, 0, 9, 1, 6, 12, 2, 3, 4, 5, 11, 13, 7]"
214,0.00024594195769798326,0.00024209078313721432,"[8, 10, 0, 9, 1, 6, 12, 2, 3, 4, 5, 11, 13, 7]"
215,0.00024594195769798326,0.00024232600342593793,"[8, 10, 0, 9, 1, 6, 12, 2, 3, 4, 5, 11, 13, 7]"
216,0.00024594195769798326,0.00024242792649171758,"[8, 10, 0, 9, 1, 6, 12, 2, 3, 4, 5, 11, 13, 7]"
217,0.00024594195769798326,0.0002428983670691648,"[8, 10, 0, 9, 1, 6, 12, 2, 3, 4, 5, 11, 13, 7]"
218,0.00024594195769798326,0.0002432643683424447,"[8, 10, 0, 9, 1, 6, 12, 2, 3, 4, 5, 11, 13, 7]"
219,0.00024594195769798326,0.0002436096564344257,"[8, 10, 0, 9, 1, 6, 12, 2, 3, 4, 5, 11, 13, 7]"
220,0.00024594195769798326,0.0002439756577077056,"[8, 10, 0, 9, 1, 6, 12, 2, 3, 4, 5, 11, 13, 7]"
221,0.00024594195769798326,0.00024439202049966616,"[8, 10, 0, 9, 1, 6, 12, 2, 3, 4, 5, 11, 13, 7]"
222,0.00025799793601651185,0.00024491929303985884,"[8, 10, 0, 9, 1, 6, 12, 11, 5, 4, 3, 2, 13, 7]"
223,0.00025799793601651185,0.0002451253665431263,"[8, 10, 0, 9, 1, 6, 12, 11, 5, 4, 3, 2, 13, 7]"
224,0.00025799793601651185,0.0002451253665431263,"[8, 10, 0, 9, 1, 6, 12, 11, 5, 4, 3, 2, 13, 7]"
225,0.00025799793601651185,0.0002451253665431263,"[8, 10, 0, 9, 1, 6, 12, 11, 5, 4, 3, 2, 13, 7]"
226,0.00025799793601651185,0.0002452477914951938,"[8, 10, 0, 9, 1, 6, 12, 11, 5, 4, 3, 2, 13, 7]"
227,0.00025799793601651185,0.00024545131708052323,"[8, 10, 0, 9, 1, 6, 12, 11, 5, 4, 3, 2, 13, 7]"
228,0.00025799793601651185,0.0002455951765126139,"[8, 10, 0, 9, 1, 6, 12, 11, 5, 4, 3, 2, 13, 7]"
229,0.00025799793601651185,0.0002455951765126139,"[8, 10, 0, 9, 1, 6, 12, 11, 5, 4, 3, 2, 13, 7]"
230,0.00025799793601651185,0.0002456662512125935,"[8, 10, 0, 9, 1, 6, 12, 11, 5, 4, 3, 2, 13, 7]"
231,0.00025799793601651185,0.0002456662512125935,"[8, 10, 0, 9, 1, 6, 12, 11, 5, 4, 3, 2, 13, 7]"
232,0.00025799793601651185,0.00024578547433583563,"[8, 10, 0, 9, 1, 6, 12, 11, 5, 4, 3, 2, 13, 7]"
233,0.00025799793601651185,0.0002459012370293512,"[8, 10, 0, 9, 1, 6, 12, 11, 5, 4, 3, 2, 13, 7]"
234,0.00025799793601651185,0.00024624307963308305,"[8, 10, 0, 9, 1, 6, 12, 11, 5, 4, 3, 2, 13, 7]"
235,0.00025799793601651185,0.00024629040142359264,"[8, 10, 0, 9, 1, 6, 12, 11, 5, 4, 3, 2, 13, 7]"
236,0.00025799793601651185,0.0002463036370475392,"[8, 10, 0, 9, 1, 6, 12, 11, 5, 4, 3, 2, 13, 7]"
237,0.00025799793601651185,0.0002464241968307245,"[8, 10, 0, 9, 1, 6, 12, 11, 5, 4, 3, 2, 13, 7]"
238,0.00025799793601651185,0.0002464241968307245,"[8, 10, 0, 9, 1, 6, 12, 11, 5, 4, 3, 2, 13, 7]"
239,0.00025799793601651185,0.0002464241968307245,"[8, 10, 0, 9, 1, 6, 12, 11, 5, 4, 3, 2, 13, 7]"
240,0.00025799793601651185,0.0002465447566139098,"[8, 10, 0, 9, 1, 6, 12, 11, 5, 4, 3, 2, 13, 7]"
241,0.00025799793601651185,0.0002467858761802803,"[8, 10, 0, 9, 1, 6, 12, 11, 5, 4, 3, 2, 13, 7]"
242,0.00025799793601651185,0.0002468885882968695,"[8, 10, 0, 9, 1, 6, 12, 11, 5, 4, 3, 2, 13, 7]"
243,0.00025799793601651185,0.0002470091480800548,"[8, 10, 0, 9, 1, 6, 12, 11, 5, 4, 3, 2, 13, 7]"
244,0.00025799793601651185,0.0002470091480800548,"[8, 10, 0, 9, 1, 6, 12, 11, 5, 4, 3, 2, 13, 7]"
245,0.00025799793601651185,0.0002472502676464254,"[8, 10, 0, 9, 1, 6, 12, 11, 5, 4, 3, 2, 13, 7]"
246,0.00025799793601651185,0.00024749138721279597,"[8, 10, 0, 9, 1, 6, 12, 11, 5, 4, 3, 2, 13, 7]"
247,0.00025799793601651185,0.00024761194699598126,"[8, 10, 0, 9, 1, 6, 12, 11, 5, 4, 3, 2, 13, 7]"
248,0.00025799793601651185,0.00024785306656235185,"[8, 10, 0, 9, 1, 6, 12, 11, 5, 4, 3, 2, 13, 7]"
249,0.00025799793601651185,0.00024795577867894105,"[8, 10, 0, 9, 1, 6, 12, 11, 5, 4, 3, 2, 13, 7]"
250,0.00025799793601651185,0.00024819689824531163,"[8, 10, 0, 9, 1, 6, 12, 11, 5, 4, 3, 2, 13, 7]"
251,0.00025799793601651185,0.00024819689824531163,"[8, 10, 0, 9, 1, 6, 12, 11, 5, 4, 3, 2, 13, 7]"
252,0.00025799793601651185,0.0002483174580284969,"[8, 10, 0, 9, 1, 6, 12, 11, 5, 4, 3, 2, 13, 7]"
253,0.00025799793601651185,0.00024855857759486746,"[8, 10, 0, 9, 1, 6, 12, 11, 5, 4, 3, 2, 13, 7]"
254,0.00025799793601651185,0.00024867913737805275,"[8, 10, 0, 9, 1, 6, 12, 11, 5, 4, 3, 2, 13, 7]"
255,0.00025799793601651185,0.00024892025694442333,"[8, 10, 0, 9, 1, 6, 12, 11, 5, 4, 3, 2, 13, 7]"
256,0.00025799793601651185,0.0002490408167276086,"[8, 10, 0, 9, 1, 6, 12, 11, 5, 4, 3, 2, 13, 7]"
257,0.00025799793601651185,0.00024928193629397916,"[8, 10, 0, 9, 1, 6, 12, 11, 5, 4, 3, 2, 13, 7]"
258,0.00025799793601651185,0.0002495230558603498,"[8, 10, 0, 9, 1, 6, 12, 11, 5, 4, 3, 2, 13, 7]"
259,0.00025799793601651185,0.0002497641754267203,"[8, 10, 0, 9, 1, 6, 12, 11, 5, 4, 3, 2, 13, 7]"
260,0.00025799793601651185,0.00025000529499309086,"[8, 10, 0, 9, 1, 6, 12, 11, 5, 4, 3, 2, 13, 7]"
261,0.00025799793601651185,0.0002502464145594615,"[8, 10, 0, 9, 1, 6, 12, 11, 5, 4, 3, 2, 13, 7]"
262,0.00025799793601651185,0.0002503669743426468,"[8, 10, 0, 9, 1, 6, 12, 11, 5, 4, 3, 2, 13, 7]"
263,0.00025799793601651185,0.0002506080939090173,"[8, 10, 0, 9, 1, 6, 12, 11, 5, 4, 3, 2, 13, 7]"
264,0.00025799793601651185,0.0002507286536922026,"[8, 10, 0, 9, 1, 6, 12, 11, 5, 4, 3, 2, 13, 7]"
265,0.00025799793601651185,0.0002508693376623555,"[8, 10, 0, 9, 1, 6, 12, 11, 5, 4, 3, 2, 13, 7]"
266,0.00026946914578280785,0.000251225169326389,"[8, 10, 9, 0, 1, 6, 12, 11, 5, 4, 3, 2, 13, 7]"
267,0.00026946914578280785,0.000251225169326389,"[8, 10, 9, 0, 1, 6, 12, 11, 5, 4, 3, 2, 13, 7]"
268,0.00026946914578280785,0.000251225169326389,"[8, 10, 9, 0, 1, 6, 12, 11, 5, 4, 3, 2, 13, 7]"
269,0.00026946914578280785,0.00025146628889275964,"[8, 10, 9, 0, 1, 6, 12, 11, 5, 4, 3, 2, 13, 7]"
270,0.00026946914578280785,0.0002517074084591302,"[8, 10, 9, 0, 1, 6, 12, 11, 5, 4, 3, 2, 13, 7]"
271,0.00026946914578280785,0.00025194852802550076,"[8, 10, 9, 0, 1, 6, 12, 11, 5, 4, 3, 2, 13, 7]"
272,0.00026946914578280785,0.00025205124014208996,"[8, 10, 9, 0, 1, 6, 12, 11, 5, 4, 3, 2, 13, 7]"
273,0.00026946914578280785,0.00025240707180612345,"[8, 10, 9, 0, 1, 6, 12, 11, 5, 4, 3, 2, 13, 7]"
274,0.00026946914578280785,0.0002526481913724941,"[8, 10, 9, 0, 1, 6, 12, 11, 5, 4, 3, 2, 13, 7]"
275,0.00026946914578280785,0.0002530040230365276,"[8, 10, 9, 0, 1, 6, 12, 11, 5, 4, 3, 2, 13, 7]"
276,0.00026946914578280785,0.00025324514260289816,"[8, 10, 9, 0, 1, 6, 12, 11, 5, 4, 3, 2, 13, 7]"
277,0.00026946914578280785,0.0002534862621692687,"[8, 10, 9, 0, 1, 6, 12, 11, 5, 4, 3, 2, 13, 7]"
278,0.00026946914578280785,0.00025370953406904324,"[8, 10, 9, 0, 1, 6, 12, 11, 5, 4, 3, 2, 13, 7]"
279,0.00026946914578280785,0.0002540653657330768,"[8, 10, 9, 0, 1, 6, 12, 11, 5, 4, 3, 2, 13, 7]"
280,0.00026946914578280785,0.0002543064852994473,"[8, 10, 9, 0, 1, 6, 12, 11, 5, 4, 3, 2, 13, 7]"
281,0.00026946914578280785,0.000254582615608102,"[8, 10, 9, 0, 1, 6, 12, 11, 5, 4, 3, 2, 13, 7]"
282,0.00026946914578280785,0.0002547031753912872,"[8, 10, 9, 0, 1, 6, 12, 11, 5, 4, 3, 2, 13, 7]"
283,0.00026946914578280785,0.0002548260116948441,"[8, 10, 9, 0, 1, 6, 12, 11, 5, 4, 3, 2, 13, 7]"
284,0.00026946914578280785,0.0002551818433588776,"[8, 10, 9, 0, 1, 6, 12, 11, 5, 4, 3, 2, 13, 7]"
285,0.00026946914578280785,0.00025542296292524816,"[8, 10, 9, 0, 1, 6, 12, 11, 5, 4, 3, 2, 13, 7]"
286,0.00026946914578280785,0.00025566408249161874,"[8, 10, 9, 0, 1, 6, 12, 11, 5, 4, 3, 2, 13, 7]"
287,0.00026946914578280785,0.000255971425396951,"[8, 10, 9, 0, 1, 6, 12, 11, 5, 4, 3, 2, 13, 7]"
288,0.00026946914578280785,0.0002563640341446767,"[8, 10, 9, 0, 1, 6, 12, 11, 5, 4, 3, 2, 13, 7]"
289,0.00026946914578280785,0.00025660515371104723,"[8, 10, 9, 0, 1, 6, 12, 11, 5, 4, 3, 2, 13, 7]"
290,0.00026946914578280785,0.0002569609853750807,"[8, 10, 9, 0, 1, 6, 12, 11, 5, 4, 3, 2, 13, 7]"
291,0.00026946914578280785,0.0002574315291367772,"[8, 10, 9, 0, 1, 6, 12, 11, 5, 4, 3, 2, 13, 7]"
292,0.00026946914578280785,0.00025790207289847373,"[8, 10, 9, 0, 1, 6, 12, 11, 5, 4, 3, 2, 13, 7]"
293,0.00026946914578280785,0.0002583726166601702,"[8, 10, 9, 0, 1, 6, 12, 11, 5, 4, 3, 2, 13, 7]"
294,0.00026946914578280785,0.00025881371416659727,"[8, 10, 9, 0, 1, 6, 12, 11, 5, 4, 3, 2, 13, 7]"
295,0.00026946914578280785,0.0002592548116730243,"[8, 10, 9, 0, 1, 6, 12, 11, 5, 4, 3, 2, 13, 7]"
296,0.00026946914578280785,0.0002592548116730243,"[8, 10, 9, 0, 1, 6, 12, 11, 5, 4, 3, 2, 13, 7]"
297,0.00026946914578280785,0.00025969590917945134,"[8, 10, 9, 0, 1, 6, 12, 11, 5, 4, 3, 2, 13, 7]"
298,0.00026946914578280785,0.00026016645294114785,"[8, 10, 9, 0, 1, 6, 12, 11, 5, 4, 3, 2, 13, 7]"
299,0.00026946914578280785,0.00026016645294114785,"[8, 10, 9, 0, 1, 6, 12, 11, 5, 4, 3, 2, 13, 7]"
300,0.00026946914578280785,0.00026048203623124617,"[8, 10, 9, 0, 1, 6, 12, 11, 5, 4, 3, 2, 13, 7]"
301,0.00026946914578280785,0.00026049038303718036,"[8, 10, 9, 0, 1, 6, 12, 11, 5, 4, 3, 2, 13, 7]"
302,0.00026946914578280785,0.0002607795631932776,"[8, 10, 9, 0, 1, 6, 12, 11, 5, 4, 3, 2, 13, 7]"
303,0.00026946914578280785,0.0002610446827217957,"[8, 10, 9, 0, 1, 6, 12, 11, 5, 4, 3, 2, 13, 7]"
304,0.00028498147620404675,0.0002613323657902671,"[7, 6, 11, 5, 4, 3, 2, 1, 12, 13, 0, 9, 10, 8]"
305,0.00028498147620404675,0.0002614354792992567,"[7, 6, 11, 5, 4, 3, 2, 1, 12, 13, 0, 9, 10, 8]"
306,0.00028498147620404675,0.0002614354792992567,"[7, 6, 11, 5, 4, 3, 2, 1, 12, 13, 0, 9, 10, 8]"
307,0.00028498147620404675,0.00026163545723931317,"[7, 6, 11, 5, 4, 3, 2, 1, 12, 13, 0, 9, 10, 8]"
308,0.00028498147620404675,0.0002618354351793696,"[7, 6, 11, 5, 4, 3, 2, 1, 12, 13, 0, 9, 10, 8]"
309,0.00028498147620404675,0.0002620648593746956,"[7, 6, 11, 5, 4, 3, 2, 1, 12, 13, 0, 9, 10, 8]"
310,0.00028498147620404675,0.0002621795714723585,"[7, 6, 11, 5, 4, 3, 2, 1, 12, 13, 0, 9, 10, 8]"
311,0.00028498147620404675,0.000262379549412415,"[7, 6, 11, 5, 4, 3, 2, 1, 12, 13, 0, 9, 10, 8]"
312,0.00028498147620404675,0.00026249426151007797,"[7, 6, 11, 5, 4, 3, 2, 1, 12, 13, 0, 9, 10, 8]"
313,0.00028498147620404675,0.00026260897360774093,"[7, 6, 11, 5, 4, 3, 2, 1, 12, 13, 0, 9, 10, 8]"
314,0.00028498147620404675,0.00026260897360774093,"[7, 6, 11, 5, 4, 3, 2, 1, 12, 13, 0, 9, 10, 8]"
315,0.00028498147620404675,0.00026283839780306685,"[7, 6, 11, 5, 4, 3, 2, 1, 12, 13, 0, 9, 10, 8]"
316,0.00028498147620404675,0.00026283839780306685,"[7, 6, 11, 5, 4, 3, 2, 1, 12, 13, 0, 9, 10, 8]"
317,0.00028498147620404675,0.00026306782199839277,"[7, 6, 11, 5, 4, 3, 2, 1, 12, 13, 0, 9, 10, 8]"
318,0.00028498147620404675,0.00026318253409605573,"[7, 6, 11, 5, 4, 3, 2, 1, 12, 13, 0, 9, 10, 8]"
319,0.00028498147620404675,0.0002632972461937187,"[7, 6, 11, 5, 4, 3, 2, 1, 12, 13, 0, 9, 10, 8]"
320,0.00028498147620404675,0.0002632972461937187,"[7, 6, 11, 5, 4, 3, 2, 1, 12, 13, 0, 9, 10, 8]"
321,0.00028498147620404675,0.00026341195829138165,"[7, 6, 11, 5, 4, 3, 2, 1, 12, 13, 0, 9, 10, 8]"
322,0.00028498147620404675,0.0002634753836364769,"[7, 6, 11, 5, 4, 3, 2, 1, 12, 13, 0, 9, 10, 8]"
323,0.00028498147620404675,0.00026370480783180283,"[7, 6, 11, 5, 4, 3, 2, 1, 12, 13, 0, 9, 10, 8]"
324,0.00028498147620404675,0.00026384438558102246,"[7, 6, 11, 5, 4, 3, 2, 1, 12, 13, 0, 9, 10, 8]"
325,0.00028498147620404675,0.00026384438558102246,"[7, 6, 11, 5, 4, 3, 2, 1, 12, 13, 0, 9, 10, 8]"
326,0.00028498147620404675,0.0002641068870037358,"[7, 6, 11, 5, 4, 3, 2, 1, 12, 13, 0, 9, 10, 8]"
327,0.00028498147620404675,0.0002641068870037358,"[7, 6, 11, 5, 4, 3, 2, 1, 12, 13, 0, 9, 10, 8]"
328,0.00028498147620404675,0.0002643363111990617,"[7, 6, 11, 5, 4, 3, 2, 1, 12, 13, 0, 9, 10, 8]"
329,0.00028498147620404675,0.0002643363111990617,"[7, 6, 11, 5, 4, 3, 2, 1, 12, 13, 0, 9, 10, 8]"
330,0.00028498147620404675,0.0002646318898491625,"[7, 6, 11, 5, 4, 3, 2, 1, 12, 13, 0, 9, 10, 8]"
331,0.00028498147620404675,0.0002646318898491625,"[7, 6, 11, 5, 4, 3, 2, 1, 12, 13, 0, 9, 10, 8]"
332,0.00028498147620404675,0.0002648613140444884,"[7, 6, 11, 5, 4, 3, 2, 1, 12, 13, 0, 9, 10, 8]"
333,0.00028498147620404675,0.0002650907382398143,"[7, 6, 11, 5, 4, 3, 2, 1, 12, 13, 0, 9, 10, 8]"
334,0.00028498147620404675,0.0002650907382398143,"[7, 6, 11, 5, 4, 3, 2, 1, 12, 13, 0, 9, 10, 8]"
335,0.00028498147620404675,0.00026532016243514025,"[7, 6, 11, 5, 4, 3, 2, 1, 12, 13, 0, 9, 10, 8]"
336,0.00028498147620404675,0.0002655495866304661,"[7, 6, 11, 5, 4, 3, 2, 1, 12, 13, 0, 9, 10, 8]"
337,0.00028498147620404675,0.00026577901082579204,"[7, 6, 11, 5, 4, 3, 2, 1, 12, 13, 0, 9, 10, 8]"
338,0.00028498147620404675,0.000265893722923455,"[7, 6, 11, 5, 4, 3, 2, 1, 12, 13, 0, 9, 10, 8]"
339,0.00028498147620404675,0.0002659391045504256,"[7, 6, 11, 5, 4, 3, 2, 1, 12, 13, 0, 9, 10, 8]"
340,0.00028498147620404675,0.0002659391045504256,"[7, 6, 11, 5, 4, 3, 2, 1, 12, 13, 0, 9, 10, 8]"
341,0.00028498147620404675,0.00026616852874575156,"[7, 6, 11, 5, 4, 3, 2, 1, 12, 13, 0, 9, 10, 8]"
342,0.00028498147620404675,0.0002663979529410775,"[7, 6, 11, 5, 4, 3, 2, 1, 12, 13, 0, 9, 10, 8]"
343,0.00028498147620404675,0.0002663979529410775,"[7, 6, 11, 5, 4, 3, 2, 1, 12, 13, 0, 9, 10, 8]"
344,0.00028498147620404675,0.00026651266503874044,"[7, 6, 11, 5, 4, 3, 2, 1, 12, 13, 0, 9, 10, 8]"
345,0.00028498147620404675,0.00026651266503874044,"[7, 6, 11, 5, 4, 3, 2, 1, 12, 13, 0, 9, 10, 8]"
346,0.00028498147620404675,0.00026674208923406636,"[7, 6, 11, 5, 4, 3, 2, 1, 12, 13, 0, 9, 10, 8]"
347,0.00028498147620404675,0.0002669715134293922,"[7, 6, 11, 5, 4, 3, 2, 1, 12, 13, 0, 9, 10, 8]"
348,0.00028498147620404675,0.0002669715134293922,"[7, 6, 11, 5, 4, 3, 2, 1, 12, 13, 0, 9, 10, 8]"
349,0.00028498147620404675,0.000267267092079493,"[7, 6, 11, 5, 4, 3, 2, 1, 12, 13, 0, 9, 10, 8]"
350,0.00028498147620404675,0.000267267092079493,"[7, 6, 11, 5, 4, 3, 2, 1, 12, 13, 0, 9, 10, 8]"
351,0.00028498147620404675,0.00026738180417715593,"[7, 6, 11, 5, 4, 3, 2, 1, 12, 13, 0, 9, 10, 8]"
352,0.00028498147620404675,0.00026738180417715593,"[7, 6, 11, 5, 4, 3, 2, 1, 12, 13, 0, 9, 10, 8]"
353,0.00028498147620404675,0.00026738180417715593,"[7, 6, 11, 5, 4, 3, 2, 1, 12, 13, 0, 9, 10, 8]"
354,0.00028498147620404675,0.0002676112283724819,"[7, 6, 11, 5, 4, 3, 2, 1, 12, 13, 0, 9, 10, 8]"
355,0.00028498147620404675,0.0002676165644207966,"[7, 6, 11, 5, 4, 3, 2, 1, 12, 13, 0, 9, 10, 8]"
356,0.00028498147620404675,0.0002676165644207966,"[7, 6, 11, 5, 4, 3, 2, 1, 12, 13, 0, 9, 10, 8]"
357,0.00028498147620404675,0.00026787906584350995,"[7, 6, 11, 5, 4, 3, 2, 1, 12, 13, 0, 9, 10, 8]"
358,0.00028498147620404675,0.0002681084900388358,"[7, 6, 11, 5, 4, 3, 2, 1, 12, 13, 0, 9, 10, 8]"
359,0.00028498147620404675,0.0002683709914615491,"[7, 6, 11, 5, 4, 3, 2, 1, 12, 13, 0, 9, 10, 8]"
360,0.00028498147620404675,0.0002686047571715691,"[7, 6, 11, 5, 4, 3, 2, 1, 12, 13, 0, 9, 10, 8]"
361,0.00028498147620404675,0.0002688145750624781,"[7, 6, 11, 5, 4, 3, 2, 1, 12, 13, 0, 9, 10, 8]"
362,0.00028498147620404675,0.00026892928716014104,"[7, 6, 11, 5, 4, 3, 2, 1, 12, 13, 0, 9, 10, 8]"
363,0.00028498147620404675,0.0002692248658102418,"[7, 6, 11, 5, 4, 3, 2, 1, 12, 13, 0, 9, 10, 8]"
364,0.00028498147620404675,0.0002692248658102418,"[7, 6, 11, 5, 4, 3, 2, 1, 12, 13, 0, 9, 10, 8]"
365,0.00028498147620404675,0.0002692248658102418,"[7, 6, 11, 5, 4, 3, 2, 1, 12, 13, 0, 9, 10, 8]"
366,0.00028498147620404675,0.0002694902427604711,"[7, 6, 11, 5, 4, 3, 2, 1, 12, 13, 0, 9, 10, 8]"
367,0.00028498147620404675,0.0002695926504585509,"[7, 6, 11, 5, 4, 3, 2, 1, 12, 13, 0, 9, 10, 8]"
368,0.00028498147620404675,0.00026972969797031037,"[7, 6, 11, 5, 4, 3, 2, 1, 12, 13, 0, 9, 10, 8]"
369,0.00028498147620404675,0.00026972969797031037,"[7, 6, 11, 5, 4, 3, 2, 1, 12, 13, 0, 9, 10, 8]"
370,0.00028498147620404675,0.0002698928299424878,"[7, 6, 11, 5, 4, 3, 2, 1, 12, 13, 0, 9, 10, 8]"
371,0.00028498147620404675,0.0002700178769078015,"[7, 6, 11, 5, 4, 3, 2, 1, 12, 13, 0, 9, 10, 8]"
372,0.00028498147620404675,0.00027014292387311523,"[7, 6, 11, 5, 4, 3, 2, 1, 12, 13, 0, 9, 10, 8]"
373,0.00028498147620404675,0.00027026797083842894,"[7, 6, 11, 5, 4, 3, 2, 1, 12, 13, 0, 9, 10, 8]"
374,0.00028498147620404675,0.0002703930178037427,"[7, 6, 11, 5, 4, 3, 2, 1, 12, 13, 0, 9, 10, 8]"
375,0.00028498147620404675,0.0002705173542264804,"[7, 6, 11, 5, 4, 3, 2, 1, 12, 13, 0, 9, 10, 8]"
376,0.00028498147620404675,0.0002705173542264804,"[7, 6, 11, 5, 4, 3, 2, 1, 12, 13, 0, 9, 10, 8]"
377,0.00028498147620404675,0.00027058350868125523,"[7, 6, 11, 5, 4, 3, 2, 1, 12, 13, 0, 9, 10, 8]"
378,0.00028498147620404675,0.00027064966313603006,"[7, 6, 11, 5, 4, 3, 2, 1, 12, 13, 0, 9, 10, 8]"
379,0.00028498147620404675,0.00027064966313603006,"[7, 6, 11, 5, 4, 3, 2, 1, 12, 13, 0, 9, 10, 8]"
380,0.00028498147620404675,0.0002707158175908049,"[7, 6, 11, 5, 4, 3, 2, 1, 12, 13, 0, 9, 10, 8]"
381,0.00028498147620404675,0.0002707488948181923,"[7, 6, 11, 5, 4, 3, 2, 1, 12, 13, 0, 9, 10, 8]"
382,0.00028498147620404675,0.00027081504927296715,"[7, 6, 11, 5, 4, 3, 2, 1, 12, 13, 0, 9, 10, 8]"
383,0.00028498147620404675,0.000270881203727742,"[7, 6, 11, 5, 4, 3, 2, 1, 12, 13, 0, 9, 10, 8]"
384,0.00028498147620404675,0.00027093403032249134,"[7, 6, 11, 5, 4, 3, 2, 1, 12, 13, 0, 9, 10, 8]"
385,0.00028498147620404675,0.00027093403032249134,"[7, 6, 11, 5, 4, 3, 2, 1, 12, 13, 0, 9, 10, 8]"
386,0.00028498147620404675,0.0002709671075498787,"[7, 6, 11, 5, 4, 3, 2, 1, 12, 13, 0, 9, 10, 8]"
387,0.00028498147620404675,0.0002709671075498787,"[7, 6, 11, 5, 4, 3, 2, 1, 12, 13, 0, 9, 10, 8]"
388,0.00028498147620404675,0.00027103326200465355,"[7, 6, 11, 5, 4, 3, 2, 1, 12, 13, 0, 9, 10, 8]"
389,0.00028498147620404675,0.00027103326200465355,"[7, 6, 11, 5, 4, 3, 2, 1, 12, 13, 0, 9, 10, 8]"
390,0.00028498147620404675,0.00027109941645942837,"[7, 6, 11, 5, 4, 3, 2, 1, 12, 13, 0, 9, 10, 8]"
391,0.00028498147620404675,0.0002711655709142032,"[7, 6, 11, 5, 4, 3, 2, 1, 12, 13, 0, 9, 10, 8]"
392,0.00028498147620404675,0.000271231725368978,"[7, 6, 11, 5, 4, 3, 2, 1, 12, 13, 0, 9, 10, 8]"
393,0.00028498147620404675,0.0002713124988015191,"[7, 6, 11, 5, 4, 3, 2, 1, 12, 13, 0, 9, 10, 8]"
394,0.00028498147620404675,0.0002713786532562939,"[7, 6, 11, 5, 4, 3, 2, 1, 12, 13, 0, 9, 10, 8]"
395,0.00028498147620404675,0.0002713786532562939,"[7, 6, 11, 5, 4, 3, 2, 1, 12, 13, 0, 9, 10, 8]"
396,0.00028498147620404675,0.00027144480771106874,"[7, 6, 11, 5, 4, 3, 2, 1, 12, 13, 0, 9, 10, 8]"
397,0.00028498147620404675,0.00027144480771106874,"[7, 6, 11, 5, 4, 3, 2, 1, 12, 13, 0, 9, 10, 8]"
398,0.00028498147620404675,0.00027144480771106874,"[7, 6, 11, 5, 4, 3, 2, 1, 12, 13, 0, 9, 10, 8]"
399,0.00028498147620404675,0.00027144480771106874,"[7, 6, 11, 5, 4, 3, 2, 1, 12, 13, 0, 9, 10, 8]"
400,0.00028498147620404675,0.00027144480771106874,"[7, 6, 11, 5, 4, 3, 2, 1, 12, 13, 0, 9, 10, 8]"
401,0.00028498147620404675,0.0002714778849384562,"[7, 6, 11, 5, 4, 3, 2, 1, 12, 13, 0, 9, 10, 8]"
402,0.00028498147620404675,0.0002714778849384562,"[7, 6, 11, 5, 4, 3, 2, 1, 12, 13, 0, 9, 10, 8]"
403,0.00028498147620404675,0.000271544039393231,"[7, 6, 11, 5, 4, 3, 2, 1, 12, 13, 0, 9, 10, 8]"
404,0.00028498147620404675,0.00027157711662061844,"[7, 6, 11, 5, 4, 3, 2, 1, 12, 13, 0, 9, 10, 8]"
405,0.00028498147620404675,0.0002716432710753933,"[7, 6, 11, 5, 4, 3, 2, 1, 12, 13, 0, 9, 10, 8]"
406,0.00028498147620404675,0.0002716432710753933,"[7, 6, 11, 5, 4, 3, 2, 1, 12, 13, 0, 9, 10, 8]"
407,0.00028498147620404675,0.0002716432710753933,"[7, 6, 11, 5, 4, 3, 2, 1, 12, 13, 0, 9, 10, 8]"
408,0.00028498147620404675,0.00027170942553016815,"[7, 6, 11, 5, 4, 3, 2, 1, 12, 13, 0, 9, 10, 8]"
409,0.00028498147620404675,0.00027170942553016815,"[7, 6, 11, 5, 4, 3, 2, 1, 12, 13, 0, 9, 10, 8]"
410,0.00028498147620404675,0.00027170942553016815,"[7, 6, 11, 5, 4, 3, 2, 1, 12, 13, 0, 9, 10, 8]"
411,0.00028498147620404675,0.00027177557998494297,"[7, 6, 11, 5, 4, 3, 2, 1, 12, 13, 0, 9, 10, 8]"
412,0.00028498147620404675,0.0002718417344397178,"[7, 6, 11, 5, 4, 3, 2, 1, 12, 13, 0, 9, 10, 8]"
413,0.00028498147620404675,0.0002718748116671052,"[7, 6, 11, 5, 4, 3, 2, 1, 12, 13, 0, 9, 10, 8]"
414,0.00028498147620404675,0.0002719078888944926,"[7, 6, 11, 5, 4, 3, 2, 1, 12, 13, 0, 9, 10, 8]"
415,0.00028498147620404675,0.00027197404334926745,"[7, 6, 11, 5, 4, 3, 2, 1, 12, 13, 0, 9, 10, 8]"
416,0.00028498147620404675,0.00027197404334926745,"[7, 6, 11, 5, 4, 3, 2, 1, 12, 13, 0, 9, 10, 8]"
417,0.00028498147620404675,0.0002720401978040423,"[7, 6, 11, 5, 4, 3, 2, 1, 12, 13, 0, 9, 10, 8]"
418,0.00028498147620404675,0.0002720401978040423,"[7, 6, 11, 5, 4, 3, 2, 1, 12, 13, 0, 9, 10, 8]"
419,0.00028498147620404675,0.0002720401978040423,"[7, 6, 11, 5, 4, 3, 2, 1, 12, 13, 0, 9, 10, 8]"
420,0.00028498147620404675,0.00027207327503142966,"[7, 6, 11, 5, 4, 3, 2, 1, 12, 13, 0, 9, 10, 8]"
421,0.00028498147620404675,0.00027207327503142966,"[7, 6, 11, 5, 4, 3, 2, 1, 12, 13, 0, 9, 10, 8]"
422,0.00028498147620404675,0.00027207327503142966,"[7, 6, 11, 5, 4, 3, 2, 1, 12, 13, 0, 9, 10, 8]"
423,0.00028498147620404675,0.0002721394294862045,"[7, 6, 11, 5, 4, 3, 2, 1, 12, 13, 0, 9, 10, 8]"
424,0.00028498147620404675,0.0002721394294862045,"[7, 6, 11, 5, 4, 3, 2, 1, 12, 13, 0, 9, 10, 8]"
425,0.00028498147620404675,0.0002721394294862045,"[7, 6, 11, 5, 4, 3, 2, 1, 12, 13, 0, 9, 10, 8]"
426,0.00028498147620404675,0.00027225328014613293,"[7, 6, 11, 5, 4, 3, 2, 1, 12, 13, 0, 9, 10, 8]"
427,0.00028498147620404675,0.00027225328014613293,"[7, 6, 11, 5, 4, 3, 2, 1, 12, 13, 0, 9, 10, 8]"
428,0.00028498147620404675,0.00027225328014613293,"[7, 6, 11, 5, 4, 3, 2, 1, 12, 13, 0, 9, 10, 8]"
429,0.00028498147620404675,0.00027225328014613293,"[7, 6, 11, 5, 4, 3, 2, 1, 12, 13, 0, 9, 10, 8]"
430,0.00028498147620404675,0.00027225328014613293,"[7, 6, 11, 5, 4, 3, 2, 1, 12, 13, 0, 9, 10, 8]"
431,0.00028498147620404675,0.00027225328014613293,"[7, 6, 11, 5, 4, 3, 2, 1, 12, 13, 0, 9, 10, 8]"
432,0.00028498147620404675,0.00027231943460090776,"[7, 6, 11, 5, 4, 3, 2, 1, 12, 13, 0, 9, 10, 8]"
433,0.00028498147620404675,0.00027231943460090776,"[7, 6, 11, 5, 4, 3, 2, 1, 12, 13, 0, 9, 10, 8]"
434,0.00028498147620404675,0.00027231943460090776,"[7, 6, 11, 5, 4, 3, 2, 1, 12, 13, 0, 9, 10, 8]"
435,0.00028498147620404675,0.00027238558905568264,"[7, 6, 11, 5, 4, 3, 2, 1, 12, 13, 0, 9, 10, 8]"
436,0.00028498147620404675,0.00027238558905568264,"[7, 6, 11, 5, 4, 3, 2, 1, 12, 13, 0, 9, 10, 8]"
437,0.00028498147620404675,0.00027238558905568264,"[7, 6, 11, 5, 4, 3, 2, 1, 12, 13, 0, 9, 10, 8]"
438,0.00028498147620404675,0.00027241866628307,"[7, 6, 11, 5, 4, 3, 2, 1, 12, 13, 0, 9, 10, 8]"
439,0.00028498147620404675,0.00027248482073784485,"[7, 6, 11, 5, 4, 3, 2, 1, 12, 13, 0, 9, 10, 8]"
440,0.00028498147620404675,0.00027254798918073384,"[7, 6, 11, 5, 4, 3, 2, 1, 12, 13, 0, 9, 10, 8]"
441,0.00028498147620404675,0.00027261414363550867,"[7, 6, 11, 5, 4, 3, 2, 1, 12, 13, 0, 9, 10, 8]"
442,0.00028498147620404675,0.00027261414363550867,"[7, 6, 11, 5, 4, 3, 2, 1, 12, 13, 0, 9, 10, 8]"
443,0.00028498147620404675,0.00027261414363550867,"[7, 6, 11, 5, 4, 3, 2, 1, 12, 13, 0, 9, 10, 8]"
444,0.00028498147620404675,0.00027261414363550867,"[7, 6, 11, 5, 4, 3, 2, 1, 12, 13, 0, 9, 10, 8]"
445,0.00028498147620404675,0.00027261414363550867,"[7, 6, 11, 5, 4, 3, 2, 1, 12, 13, 0, 9, 10, 8]"
446,0.00028498147620404675,0.00027261414363550867,"[7, 6, 11, 5, 4, 3, 2, 1, 12, 13, 0, 9, 10, 8]"
447,0.00028498147620404675,0.00027261414363550867,"[7, 6, 11, 5, 4, 3, 2, 1, 12, 13, 0, 9, 10, 8]"
448,0.00028498147620404675,0.00027261414363550867,"[7, 6, 11, 5, 4, 3, 2, 1, 12, 13, 0, 9, 10, 8]"
449,0.00028498147620404675,0.00027261414363550867,"[7, 6, 11, 5, 4, 3, 2, 1, 12, 13, 0, 9, 10, 8]"
450,0.00028498147620404675,0.00027268029809028355,"[7, 6, 11, 5, 4, 3, 2, 1, 12, 13, 0, 9, 10, 8]"
451,0.00028498147620404675,0.00027268029809028355,"[7, 6, 11, 5, 4, 3, 2, 1, 12, 13, 0, 9, 10, 8]"
452,0.00028498147620404675,0.00027268029809028355,"[7, 6, 11, 5, 4, 3, 2, 1, 12, 13, 0, 9, 10, 8]"
453,0.00028498147620404675,0.00027268029809028355,"[7, 6, 11, 5, 4, 3, 2, 1, 12, 13, 0, 9, 10, 8]"
454,0.00028498147620404675,0.00027268029809028355,"[7, 6, 11, 5, 4, 3, 2, 1, 12, 13, 0, 9, 10, 8]"
455,0.00028498147620404675,0.0002727464525450584,"[7, 6, 11, 5, 4, 3, 2, 1, 12, 13, 0, 9, 10, 8]"
456,0.00028498147620404675,0.0002727795297724458,"[7, 6, 11, 5, 4, 3, 2, 1, 12, 13, 0, 9, 10, 8]"
457,0.00028498147620404675,0.0002727795297724458,"[7, 6, 11, 5, 4, 3, 2, 1, 12, 13, 0, 9, 10, 8]"
458,0.00028498147620404675,0.0002727795297724458,"[7, 6, 11, 5, 4, 3, 2, 1, 12, 13, 0, 9, 10, 8]"
459,0.00028498147620404675,0.00027284568422722064,"[7, 6, 11, 5, 4, 3, 2, 1, 12, 13, 0, 9, 10, 8]"
460,0.00028498147620404675,0.00027284568422722064,"[7, 6, 11, 5, 4, 3, 2, 1, 12, 13, 0, 9, 10, 8]"
461,0.00028498147620404675,0.00027284568422722064,"[7, 6, 11, 5, 4, 3, 2, 1, 12, 13, 0, 9, 10, 8]"
462,0.00028498147620404675,0.00027284568422722064,"[7, 6, 11, 5, 4, 3, 2, 1, 12, 13, 0, 9, 10, 8]"
463,0.00028498147620404675,0.00027284568422722064,"[7, 6, 11, 5, 4, 3, 2, 1, 12, 13, 0, 9, 10, 8]"
464,0.00028498147620404675,0.00027284568422722064,"[7, 6, 11, 5, 4, 3, 2, 1, 12, 13, 0, 9, 10, 8]"
465,0.00028498147620404675,0.0002729595348871491,"[7, 6, 11, 5, 4, 3, 2, 1, 12, 13, 0, 9, 10, 8]"
466,0.00028498147620404675,0.0002729595348871491,"[7, 6, 11, 5, 4, 3, 2, 1, 12, 13, 0, 9, 10, 8]"
467,0.00028498147620404675,0.0002729595348871491,"[7, 6, 11, 5, 4, 3, 2, 1, 12, 13, 0, 9, 10, 8]"
468,0.00028498147620404675,0.00027312108175223126,"[7, 6, 11, 5, 4, 3, 2, 1, 12, 13, 0, 9, 10, 8]"
469,0.00028498147620404675,0.00027312108175223126,"[7, 6, 11, 5, 4, 3, 2, 1, 12, 13, 0, 9, 10, 8]"
470,0.00028498147620404675,0.00027312108175223126,"[7, 6, 11, 5, 4, 3, 2, 1, 12, 13, 0, 9, 10, 8]"
471,0.00028498147620404675,0.00027315415897961865,"[7, 6, 11, 5, 4, 3, 2, 1, 12, 13, 0, 9, 10, 8]"
472,0.00028498147620404675,0.0002732151830447978,"[7, 6, 11, 5, 4, 3, 2, 1, 12, 13, 0, 9, 10, 8]"
473,0.00028498147620404675,0.0002732151830447978,"[7, 6, 11, 5, 4, 3, 2, 1, 12, 13, 0, 9, 10, 8]"
474,0.00028498147620404675,0.0002732151830447978,"[7, 6, 11, 5, 4, 3, 2, 1, 12, 13, 0, 9, 10, 8]"
475,0.00028498147620404675,0.0002732151830447978,"[7, 6, 11, 5, 4, 3, 2, 1, 12, 13, 0, 9, 10, 8]"
476,0.00028498147620404675,0.0002732151830447978,"[7, 6, 11, 5, 4, 3, 2, 1, 12, 13, 0, 9, 10, 8]"
477,0.00028498147620404675,0.0002732151830447978,"[7, 6, 11, 5, 4, 3, 2, 1, 12, 13, 0, 9, 10, 8]"
478,0.00028498147620404675,0.0002733105754551051,"[7, 6, 11, 5, 4, 3, 2, 1, 12, 13, 0, 9, 10, 8]"
479,0.00028498147620404675,0.0002733105754551051,"[7, 6, 11, 5, 4, 3, 2, 1, 12, 13, 0, 9, 10, 8]"
480,0.00028498147620404675,0.0002733105754551051,"[7, 6, 11, 5, 4, 3, 2, 1, 12, 13, 0, 9, 10, 8]"
481,0.00028498147620404675,0.0002733105754551051,"[7, 6, 11, 5, 4, 3, 2, 1, 12, 13, 0, 9, 10, 8]"
482,0.00028498147620404675,0.0002733105754551051,"[7, 6, 11, 5, 4, 3, 2, 1, 12, 13, 0, 9, 10, 8]"
483,0.00028498147620404675,0.0002733105754551051,"[7, 6, 11, 5, 4, 3, 2, 1, 12, 13, 0, 9, 10, 8]"
484,0.00028498147620404675,0.0002734059678654124,"[7, 6, 11, 5, 4, 3, 2, 1, 12, 13, 0, 9, 10, 8]"
485,0.00028498147620404675,0.0002734059678654124,"[7, 6, 11, 5, 4, 3, 2, 1, 12, 13, 0, 9, 10, 8]"
486,0.00028498147620404675,0.000273453664070566,"[7, 6, 11, 5, 4, 3, 2, 1, 12, 13, 0, 9, 10, 8]"
487,0.00028498147620404675,0.00027354905648087325,"[7, 6, 11, 5, 4, 3, 2, 1, 12, 13, 0, 9, 10, 8]"
488,0.00028498147620404675,0.0002735967526860269,"[7, 6, 11, 5, 4, 3, 2, 1, 12, 13, 0, 9, 10, 8]"
489,0.00028498147620404675,0.0002735967526860269,"[7, 6, 11, 5, 4, 3, 2, 1, 12, 13, 0, 9, 10, 8]"
490,0.00028498147620404675,0.0002735967526860269,"[7, 6, 11, 5, 4, 3, 2, 1, 12, 13, 0, 9, 10, 8]"
491,0.00028498147620404675,0.0002735967526860269,"[7, 6, 11, 5, 4, 3, 2, 1, 12, 13, 0, 9, 10, 8]"
492,0.00028498147620404675,0.0002735967526860269,"[7, 6, 11, 5, 4, 3, 2, 1, 12, 13, 0, 9, 10, 8]"
493,0.00028498147620404675,0.0002735967526860269,"[7, 6, 11, 5, 4, 3, 2, 1, 12, 13, 0, 9, 10, 8]"
494,0.00028498147620404675,0.0002736444488911806,"[7, 6, 11, 5, 4, 3, 2, 1, 12, 13, 0, 9, 10, 8]"
495,0.00028498147620404675,0.0002736444488911806,"[7, 6, 11, 5, 4, 3, 2, 1, 12, 13, 0, 9, 10, 8]"
496,0.00028498147620404675,0.0002736444488911806,"[7, 6, 11, 5, 4, 3, 2, 1, 12, 13, 0, 9, 10, 8]"
497,0.00028498147620404675,0.0002736745401066821,"[7, 6, 11, 5, 4, 3, 2, 1, 12, 13, 0, 9, 10, 8]"
498,0.00028498147620404675,0.0002736745401066821,"[7, 6, 11, 5, 4, 3, 2, 1, 12, 13, 0, 9, 10, 8]"
499,0.00028498147620404675,0.0002737699325169894,"[7, 6, 11, 5, 4, 3, 2, 1, 12, 13, 0, 9, 10, 8]"
500,0.00028498147620404675,0.0002738653249272967,"[7, 6, 11, 5, 4, 3, 2, 1, 12, 13, 0, 9, 10, 8]"
501,0.00028498147620404675,0.00027391302113245037,"[7, 6, 11, 5, 4, 3, 2, 1, 12, 13, 0, 9, 10, 8]"
502,0.00028498147620404675,0.0002740084135427576,"[7, 6, 11, 5, 4, 3, 2, 1, 12, 13, 0, 9, 10, 8]"
503,0.00028498147620404675,0.00027410380595306496,"[7, 6, 11, 5, 4, 3, 2, 1, 12, 13, 0, 9, 10, 8]"
504,0.00028498147620404675,0.0002741991983633722,"[7, 6, 11, 5, 4, 3, 2, 1, 12, 13, 0, 9, 10, 8]"
505,0.00028498147620404675,0.0002741991983633722,"[7, 6, 11, 5, 4, 3, 2, 1, 12, 13, 0, 9, 10, 8]"
506,0.00028498147620404675,0.00027429459077367956,"[7, 6, 11, 5, 4, 3, 2, 1, 12, 13, 0, 9, 10, 8]"
507,0.00028498147620404675,0.00027429459077367956,"[7, 6, 11, 5, 4, 3, 2, 1, 12, 13, 0, 9, 10, 8]"
508,0.00028498147620404675,0.00027429459077367956,"[7, 6, 11, 5, 4, 3, 2, 1, 12, 13, 0, 9, 10, 8]"
509,0.00028498147620404675,0.00027429459077367956,"[7, 6, 11, 5, 4, 3, 2, 1, 12, 13, 0, 9, 10, 8]"
510,0.00028498147620404675,0.0002743899831839868,"[7, 6, 11, 5, 4, 3, 2, 1, 12, 13, 0, 9, 10, 8]"
511,0.00028498147620404675,0.0002744853755942941,"[7, 6, 11, 5, 4, 3, 2, 1, 12, 13, 0, 9, 10, 8]"
512,0.00028498147620404675,0.0002745330717994477,"[7, 6, 11, 5, 4, 3, 2, 1, 12, 13, 0, 9, 10, 8]"
513,0.00028498147620404675,0.0002745807680046014,"[7, 6, 11, 5, 4, 3, 2, 1, 12, 13, 0, 9, 10, 8]"
514,0.00028498147620404675,0.0002746761604149087,"[7, 6, 11, 5, 4, 3, 2, 1, 12, 13, 0, 9, 10, 8]"
515,0.00028498147620404675,0.00027477155282521593,"[7, 6, 11, 5, 4, 3, 2, 1, 12, 13, 0, 9, 10, 8]"
516,0.00028498147620404675,0.00027486694523552323,"[7, 6, 11, 5, 4, 3, 2, 1, 12, 13, 0, 9, 10, 8]"
517,0.00028498147620404675,0.00027486694523552323,"[7, 6, 11, 5, 4, 3, 2, 1, 12, 13, 0, 9, 10, 8]"
518,0.00028498147620404675,0.0002749623376458305,"[7, 6, 11, 5, 4, 3, 2, 1, 12, 13, 0, 9, 10, 8]"
519,0.00028498147620404675,0.0002750577300561378,"[7, 6, 11, 5, 4, 3, 2, 1, 12, 13, 0, 9, 10, 8]"
520,0.00028498147620404675,0.0002750577300561378,"[7, 6, 11, 5, 4, 3, 2, 1, 12, 13, 0, 9, 10, 8]"
521,0.00028498147620404675,0.0002751732963795426,"[7, 6, 11, 5, 4, 3, 2, 1, 12, 13, 0, 9, 10, 8]"
522,0.00028498147620404675,0.00027526868878984987,"[7, 6, 11, 5, 4, 3, 2, 1, 12, 13, 0, 9, 10, 8]"
523,0.00028498147620404675,0.000275404429026352,"[7, 6, 11, 5, 4, 3, 2, 1, 12, 13, 0, 9, 10, 8]"
524,0.00028498147620404675,0.000275404429026352,"[7, 6, 11, 5, 4, 3, 2, 1, 12, 13, 0, 9, 10, 8]"
525,0.00028498147620404675,0.0002755199953497568,"[7, 6, 11, 5, 4, 3, 2, 1, 12, 13, 0, 9, 10, 8]"
526,0.00028498147620404675,0.00027561538776006407,"[7, 6, 11, 5, 4, 3, 2, 1, 12, 13, 0, 9, 10, 8]"
527,0.00028498147620404675,0.0002757309540834688,"[7, 6, 11, 5, 4, 3, 2, 1, 12, 13, 0, 9, 10, 8]"
528,0.00028498147620404675,0.0002757309540834688,"[7, 6, 11, 5, 4, 3, 2, 1, 12, 13, 0, 9, 10, 8]"
529,0.00028498147620404675,0.0002757309540834688,"[7, 6, 11, 5, 4, 3, 2, 1, 12, 13, 0, 9, 10, 8]"
530,0.00028498147620404675,0.00027577865028862244,"[7, 6, 11, 5, 4, 3, 2, 1, 12, 13, 0, 9, 10, 8]"
531,0.00028498147620404675,0.00027577865028862244,"[7, 6, 11, 5, 4, 3, 2, 1, 12, 13, 0, 9, 10, 8]"
532,0.00028498147620404675,0.00027577865028862244,"[7, 6, 11, 5, 4, 3, 2, 1, 12, 13, 0, 9, 10, 8]"
533,0.00028498147620404675,0.00027582634649377607,"[7, 6, 11, 5, 4, 3, 2, 1, 12, 13, 0, 9, 10, 8]"
534,0.00028498147620404675,0.00027592173890408336,"[7, 6, 11, 5, 4, 3, 2, 1, 12, 13, 0, 9, 10, 8]"
535,0.00028498147620404675,0.00027598960902233444,"[7, 6, 11, 5, 4, 3, 2, 1, 12, 13, 0, 9, 10, 8]"
536,0.00028498147620404675,0.0002760373052274881,"[7, 6, 11, 5, 4, 3, 2, 1, 12, 13, 0, 9, 10, 8]"
537,0.00028498147620404675,0.0002761730454639903,"[7, 6, 11, 5, 4, 3, 2, 1, 12, 13, 0, 9, 10, 8]"
538,0.00028498147620404675,0.00027628861178739507,"[7, 6, 11, 5, 4, 3, 2, 1, 12, 13, 0, 9, 10, 8]"
539,0.00028498147620404675,0.0002764243520238972,"[7, 6, 11, 5, 4, 3, 2, 1, 12, 13, 0, 9, 10, 8]"
540,0.00028498147620404675,0.0002764243520238972,"[7, 6, 11, 5, 4, 3, 2, 1, 12, 13, 0, 9, 10, 8]"
541,0.00028498147620404675,0.0002765117062041856,"[7, 6, 11, 5, 4, 3, 2, 1, 12, 13, 0, 9, 10, 8]"
542,0.00028498147620404675,0.0002765117062041856,"[7, 6, 11, 5, 4, 3, 2, 1, 12, 13, 0, 9, 10, 8]"
543,0.00028498147620404675,0.0002765506743282601,"[7, 6, 11, 5, 4, 3, 2, 1, 12, 13, 0, 9, 10, 8]"
544,0.00028498147620404675,0.0002765506743282601,"[7, 6, 11, 5, 4, 3, 2, 1, 12, 13, 0, 9, 10, 8]"
545,0.00028498147620404675,0.0002766864145647623,"[7, 6, 11, 5, 4, 3, 2, 1, 12, 13, 0, 9, 10, 8]"
546,0.00028498147620404675,0.0002768221548012645,"[7, 6, 11, 5, 4, 3, 2, 1, 12, 13, 0, 9, 10, 8]"
547,0.00028498147620404675,0.0002769578950377667,"[7, 6, 11, 5, 4, 3, 2, 1, 12, 13, 0, 9, 10, 8]"
548,0.00028498147620404675,0.00027709363527426886,"[7, 6, 11, 5, 4, 3, 2, 1, 12, 13, 0, 9, 10, 8]"
549,0.00028498147620404675,0.00027722937551077106,"[7, 6, 11, 5, 4, 3, 2, 1, 12, 13, 0, 9, 10, 8]"
550,0.00028498147620404675,0.00027736511574727327,"[7, 6, 11, 5, 4, 3, 2, 1, 12, 13, 0, 9, 10, 8]"
551,0.00028498147620404675,0.0002775008559837755,"[7, 6, 11, 5, 4, 3, 2, 1, 12, 13, 0, 9, 10, 8]"
552,0.00028498147620404675,0.0002776365962202777,"[7, 6, 11, 5, 4, 3, 2, 1, 12, 13, 0, 9, 10, 8]"
553,0.00028498147620404675,0.0002776365962202777,"[7, 6, 11, 5, 4, 3, 2, 1, 12, 13, 0, 9, 10, 8]"
554,0.00028498147620404675,0.0002776365962202777,"[7, 6, 11, 5, 4, 3, 2, 1, 12, 13, 0, 9, 10, 8]"
555,0.00028498147620404675,0.0002776365962202777,"[7, 6, 11, 5, 4, 3, 2, 1, 12, 13, 0, 9, 10, 8]"
556,0.00028498147620404675,0.0002776365962202777,"[7, 6, 11, 5, 4, 3, 2, 1, 12, 13, 0, 9, 10, 8]"
557,0.00028498147620404675,0.0002776365962202777,"[7, 6, 11, 5, 4, 3, 2, 1, 12, 13, 0, 9, 10, 8]"
558,0.00028498147620404675,0.000277659859171926,"[7, 6, 11, 5, 4, 3, 2, 1, 12, 13, 0, 9, 10, 8]"
559,0.00028498147620404675,0.00027779559940842817,"[7, 6, 11, 5, 4, 3, 2, 1, 12, 13, 0, 9, 10, 8]"
560,0.00028498147620404675,0.0002779313396449304,"[7, 6, 11, 5, 4, 3, 2, 1, 12, 13, 0, 9, 10, 8]"
561,0.00028498147620404675,0.0002780670798814326,"[7, 6, 11, 5, 4, 3, 2, 1, 12, 13, 0, 9, 10, 8]"
562,0.00028498147620404675,0.0002780670798814326,"[7, 6, 11, 5, 4, 3, 2, 1, 12, 13, 0, 9, 10, 8]"
563,0.00028498147620404675,0.0002782028201179348,"[7, 6, 11, 5, 4, 3, 2, 1, 12, 13, 0, 9, 10, 8]"
564,0.00028498147620404675,0.0002782028201179348,"[7, 6, 11, 5, 4, 3, 2, 1, 12, 13, 0, 9, 10, 8]"
565,0.00028498147620404675,0.0002782028201179348,"[7, 6, 11, 5, 4, 3, 2, 1, 12, 13, 0, 9, 10, 8]"
566,0.00028498147620404675,0.0002782995922303625,"[7, 6, 11, 5, 4, 3, 2, 1, 12, 13, 0, 9, 10, 8]"
567,0.00028498147620404675,0.00027839258545317913,"[7, 6, 11, 5, 4, 3, 2, 1, 12, 13, 0, 9, 10, 8]"
568,0.00028498147620404675,0.0002784681432586782,"[7, 6, 11, 5, 4, 3, 2, 1, 12, 13, 0, 9, 10, 8]"
569,0.00028498147620404675,0.00027850849108487314,"[7, 6, 11, 5, 4, 3, 2, 1, 12, 13, 0, 9, 10, 8]"
570,0.00028498147620404675,0.00027854883891106804,"[7, 6, 11, 5, 4, 3, 2, 1, 12, 13, 0, 9, 10, 8]"
571,0.00028498147620404675,0.00027854883891106804,"[7, 6, 11, 5, 4, 3, 2, 1, 12, 13, 0, 9, 10, 8]"
572,0.00028498147620404675,0.00027858918673726295,"[7, 6, 11, 5, 4, 3, 2, 1, 12, 13, 0, 9, 10, 8]"
573,0.00028498147620404675,0.0002786295345634579,"[7, 6, 11, 5, 4, 3, 2, 1, 12, 13, 0, 9, 10, 8]"
574,0.00028498147620404675,0.0002786698823896528,"[7, 6, 11, 5, 4, 3, 2, 1, 12, 13, 0, 9, 10, 8]"
575,0.00028498147620404675,0.0002786698823896528,"[7, 6, 11, 5, 4, 3, 2, 1, 12, 13, 0, 9, 10, 8]"
576,0.00028498147620404675,0.0002786698823896528,"[7, 6, 11, 5, 4, 3, 2, 1, 12, 13, 0, 9, 10, 8]"
577,0.00028498147620404675,0.0002786698823896528,"[7, 6, 11, 5, 4, 3, 2, 1, 12, 13, 0, 9, 10, 8]"
578,0.00028498147620404675,0.0002787102302158477,"[7, 6, 11, 5, 4, 3, 2, 1, 12, 13, 0, 9, 10, 8]"
579,0.00028498147620404675,0.0002787102302158477,"[7, 6, 11, 5, 4, 3, 2, 1, 12, 13, 0, 9, 10, 8]"
580,0.00028498147620404675,0.00027873040412894513,"[7, 6, 11, 5, 4, 3, 2, 1, 12, 13, 0, 9, 10, 8]"
581,0.00028498147620404675,0.00027873040412894513,"[7, 6, 11, 5, 4, 3, 2, 1, 12, 13, 0, 9, 10, 8]"
582,0.00028498147620404675,0.00027873040412894513,"[7, 6, 11, 5, 4, 3, 2, 1, 12, 13, 0, 9, 10, 8]"
583,0.00028498147620404675,0.00027877075195514004,"[7, 6, 11, 5, 4, 3, 2, 1, 12, 13, 0, 9, 10, 8]"
584,0.00028498147620404675,0.00027877075195514004,"[7, 6, 11, 5, 4, 3, 2, 1, 12, 13, 0, 9, 10, 8]"
585,0.00028498147620404675,0.0002788110997813349,"[7, 6, 11, 5, 4, 3, 2, 1, 12, 13, 0, 9, 10, 8]"
586,0.00028498147620404675,0.0002788312736944324,"[7, 6, 11, 5, 4, 3, 2, 1, 12, 13, 0, 9, 10, 8]"
587,0.00028498147620404675,0.0002788716215206273,"[7, 6, 11, 5, 4, 3, 2, 1, 12, 13, 0, 9, 10, 8]"
588,0.00028498147620404675,0.0002788716215206273,"[7, 6, 11, 5, 4, 3, 2, 1, 12, 13, 0, 9, 10, 8]"
589,0.00028498147620404675,0.00027889179543372477,"[7, 6, 11, 5, 4, 3, 2, 1, 12, 13, 0, 9, 10, 8]"
590,0.00028498147620404675,0.0002789321432599197,"[7, 6, 11, 5, 4, 3, 2, 1, 12, 13, 0, 9, 10, 8]"
591,0.00028498147620404675,0.0002789724910861146,"[7, 6, 11, 5, 4, 3, 2, 1, 12, 13, 0, 9, 10, 8]"
592,0.00028498147620404675,0.0002789724910861146,"[7, 6, 11, 5, 4, 3, 2, 1, 12, 13, 0, 9, 10, 8]"
593,0.00028498147620404675,0.0002790128389123095,"[7, 6, 11, 5, 4, 3, 2, 1, 12, 13, 0, 9, 10, 8]"
594,0.00028498147620404675,0.0002790128389123095,"[7, 6, 11, 5, 4, 3, 2, 1, 12, 13, 0, 9, 10, 8]"
595,0.00028498147620404675,0.0002790128389123095,"[7, 6, 11, 5, 4, 3, 2, 1, 12, 13, 0, 9, 10, 8]"
596,0.00028498147620404675,0.0002790128389123095,"[7, 6, 11, 5, 4, 3, 2, 1, 12, 13, 0, 9, 10, 8]"
597,0.00028498147620404675,0.0002790128389123095,"[7, 6, 11, 5, 4, 3, 2, 1, 12, 13, 0, 9, 10, 8]"
598,0.00028498147620404675,0.0002790531867385044,"[7, 6, 11, 5, 4, 3, 2, 1, 12, 13, 0, 9, 10, 8]"
599,0.00028498147620404675,0.0002790935345646993,"[7, 6, 11, 5, 4, 3, 2, 1, 12, 13, 0, 9, 10, 8]"
600,0.00028498147620404675,0.0002791338823908943,"[7, 6, 11, 5, 4, 3, 2, 1, 12, 13, 0, 9, 10, 8]"
601,0.00028498147620404675,0.0002791742302170892,"[7, 6, 11, 5, 4, 3, 2, 1, 12, 13, 0, 9, 10, 8]"
602,0.00028498147620404675,0.0002792655091231081,"[7, 6, 11, 5, 4, 3, 2, 1, 12, 13, 0, 9, 10, 8]"
603,0.00028498147620404675,0.00027930585694930306,"[7, 6, 11, 5, 4, 3, 2, 1, 12, 13, 0, 9, 10, 8]"
604,0.00028498147620404675,0.00027934620477549797,"[7, 6, 11, 5, 4, 3, 2, 1, 12, 13, 0, 9, 10, 8]"
605,0.00028498147620404675,0.00027934620477549797,"[7, 6, 11, 5, 4, 3, 2, 1, 12, 13, 0, 9, 10, 8]"
606,0.00028498147620404675,0.0002793865526016929,"[7, 6, 11, 5, 4, 3, 2, 1, 12, 13, 0, 9, 10, 8]"
607,0.00028498147620404675,0.00027952876258753584,"[7, 6, 11, 5, 4, 3, 2, 1, 12, 13, 0, 9, 10, 8]"
608,0.00028498147620404675,0.0002796200414935548,"[7, 6, 11, 5, 4, 3, 2, 1, 12, 13, 0, 9, 10, 8]"
609,0.00028677946659019213,0.00027971237126908757,"[7, 13, 12, 6, 11, 5, 4, 3, 2, 1, 0, 9, 8, 10]"
610,0.00028677946659019213,0.00027975271909528253,"[7, 13, 12, 6, 11, 5, 4, 3, 2, 1, 0, 9, 8, 10]"
611,0.00028677946659019213,0.00027975271909528253,"[7, 13, 12, 6, 11, 5, 4, 3, 2, 1, 0, 9, 8, 10]"
612,0.00028677946659019213,0.00027975271909528253,"[7, 13, 12, 6, 11, 5, 4, 3, 2, 1, 0, 9, 8, 10]"
613,0.00028677946659019213,0.00027975271909528253,"[7, 13, 12, 6, 11, 5, 4, 3, 2, 1, 0, 9, 8, 10]"
614,0.00028677946659019213,0.00027975271909528253,"[7, 13, 12, 6, 11, 5, 4, 3, 2, 1, 0, 9, 8, 10]"
615,0.00028677946659019213,0.00027975271909528253,"[7, 13, 12, 6, 11, 5, 4, 3, 2, 1, 0, 9, 8, 10]"
616,0.00028677946659019213,0.0002799161538637368,"[7, 13, 12, 6, 11, 5, 4, 3, 2, 1, 0, 9, 8, 10]"
617,0.00028677946659019213,0.0002800074327697557,"[7, 13, 12, 6, 11, 5, 4, 3, 2, 1, 0, 9, 8, 10]"
618,0.00028677946659019213,0.000280119936458386,"[7, 13, 12, 6, 11, 5, 4, 3, 2, 1, 0, 9, 8, 10]"
619,0.00028677946659019213,0.0002801408921496723,"[7, 13, 12, 6, 11, 5, 4, 3, 2, 1, 0, 9, 8, 10]"
620,0.00028677946659019213,0.0002802639790919317,"[7, 13, 12, 6, 11, 5, 4, 3, 2, 1, 0, 9, 8, 10]"
621,0.00028677946659019213,0.0002802639790919317,"[7, 13, 12, 6, 11, 5, 4, 3, 2, 1, 0, 9, 8, 10]"
622,0.00028677946659019213,0.0002802639790919317,"[7, 13, 12, 6, 11, 5, 4, 3, 2, 1, 0, 9, 8, 10]"
623,0.00028677946659019213,0.0002803870660341911,"[7, 13, 12, 6, 11, 5, 4, 3, 2, 1, 0, 9, 8, 10]"
624,0.00028677946659019213,0.0002803870660341911,"[7, 13, 12, 6, 11, 5, 4, 3, 2, 1, 0, 9, 8, 10]"
625,0.00028677946659019213,0.0002803870660341911,"[7, 13, 12, 6, 11, 5, 4, 3, 2, 1, 0, 9, 8, 10]"
626,0.00028677946659019213,0.00028053137775906176,"[7, 13, 12, 6, 11, 5, 4, 3, 2, 1, 0, 9, 8, 10]"
627,0.00028677946659019213,0.0002806756894839324,"[7, 13, 12, 6, 11, 5, 4, 3, 2, 1, 0, 9, 8, 10]"
628,0.00028677946659019213,0.00028082000120880306,"[7, 13, 12, 6, 11, 5, 4, 3, 2, 1, 0, 9, 8, 10]"
629,0.00028677946659019213,0.0002808709322886271,"[7, 13, 12, 6, 11, 5, 4, 3, 2, 1, 0, 9, 8, 10]"
630,0.00028677946659019213,0.0002809940192308865,"[7, 13, 12, 6, 11, 5, 4, 3, 2, 1, 0, 9, 8, 10]"
631,0.00028677946659019213,0.0002810661750933218,"[7, 13, 12, 6, 11, 5, 4, 3, 2, 1, 0, 9, 8, 10]"
632,0.00028677946659019213,0.0002812104868181925,"[7, 13, 12, 6, 11, 5, 4, 3, 2, 1, 0, 9, 8, 10]"
633,0.00028677946659019213,0.0002813547985430631,"[7, 13, 12, 6, 11, 5, 4, 3, 2, 1, 0, 9, 8, 10]"
634,0.00028677946659019213,0.0002814991102679338,"[7, 13, 12, 6, 11, 5, 4, 3, 2, 1, 0, 9, 8, 10]"
635,0.00028677946659019213,0.00028164342199280446,"[7, 13, 12, 6, 11, 5, 4, 3, 2, 1, 0, 9, 8, 10]"
636,0.00028677946659019213,0.00028164342199280446,"[7, 13, 12, 6, 11, 5, 4, 3, 2, 1, 0, 9, 8, 10]"
637,0.00028677946659019213,0.0002817877337176751,"[7, 13, 12, 6, 11, 5, 4, 3, 2, 1, 0, 9, 8, 10]"
638,0.00028677946659019213,0.0002817877337176751,"[7, 13, 12, 6, 11, 5, 4, 3, 2, 1, 0, 9, 8, 10]"
639,0.00028677946659019213,0.00028193204544254576,"[7, 13, 12, 6, 11, 5, 4, 3, 2, 1, 0, 9, 8, 10]"
640,0.00028677946659019213,0.0002820763571674164,"[7, 13, 12, 6, 11, 5, 4, 3, 2, 1, 0, 9, 8, 10]"
641,0.00028677946659019213,0.00028222066889228706,"[7, 13, 12, 6, 11, 5, 4, 3, 2, 1, 0, 9, 8, 10]"
642,0.00028677946659019213,0.0002823649806171577,"[7, 13, 12, 6, 11, 5, 4, 3, 2, 1, 0, 9, 8, 10]"
643,0.00028677946659019213,0.00028250929234202837,"[7, 13, 12, 6, 11, 5, 4, 3, 2, 1, 0, 9, 8, 10]"
644,0.00028677946659019213,0.000282653604066899,"[7, 13, 12, 6, 11, 5, 4, 3, 2, 1, 0, 9, 8, 10]"
645,0.00028677946659019213,0.00028279791579176967,"[7, 13, 12, 6, 11, 5, 4, 3, 2, 1, 0, 9, 8, 10]"
646,0.00028677946659019213,0.00028279791579176967,"[7, 13, 12, 6, 11, 5, 4, 3, 2, 1, 0, 9, 8, 10]"
647,0.00028677946659019213,0.0002828953073218244,"[7, 13, 12, 6, 11, 5, 4, 3, 2, 1, 0, 9, 8, 10]"
648,0.00028677946659019213,0.0002829674631842598,"[7, 13, 12, 6, 11, 5, 4, 3, 2, 1, 0, 9, 8, 10]"
649,0.00028677946659019213,0.0002831117749091304,"[7, 13, 12, 6, 11, 5, 4, 3, 2, 1, 0, 9, 8, 10]"
650,0.00028677946659019213,0.0002832560866340011,"[7, 13, 12, 6, 11, 5, 4, 3, 2, 1, 0, 9, 8, 10]"
651,0.00028677946659019213,0.0002834003983588717,"[7, 13, 12, 6, 11, 5, 4, 3, 2, 1, 0, 9, 8, 10]"
652,0.00028677946659019213,0.0002835447100837424,"[7, 13, 12, 6, 11, 5, 4, 3, 2, 1, 0, 9, 8, 10]"
653,0.00028677946659019213,0.000283689021808613,"[7, 13, 12, 6, 11, 5, 4, 3, 2, 1, 0, 9, 8, 10]"
654,0.00028677946659019213,0.00028378641333866783,"[7, 13, 12, 6, 11, 5, 4, 3, 2, 1, 0, 9, 8, 10]"
655,0.00028677946659019213,0.0002839307250635385,"[7, 13, 12, 6, 11, 5, 4, 3, 2, 1, 0, 9, 8, 10]"
656,0.0002901915264074289,0.0002841091573865815,"[7, 13, 2, 3, 4, 5, 11, 6, 12, 1, 0, 9, 8, 10]"
657,0.0002901915264074289,0.0002841091573865815,"[7, 13, 2, 3, 4, 5, 11, 6, 12, 1, 0, 9, 8, 10]"
658,0.0002901915264074289,0.00028421543384718923,"[7, 13, 2, 3, 4, 5, 11, 6, 12, 1, 0, 9, 8, 10]"
659,0.0002901915264074289,0.00028421543384718923,"[7, 13, 2, 3, 4, 5, 11, 6, 12, 1, 0, 9, 8, 10]"
660,0.0002901915264074289,0.00028421543384718923,"[7, 13, 2, 3, 4, 5, 11, 6, 12, 1, 0, 9, 8, 10]"
661,0.0002901915264074289,0.00028422484413208164,"[7, 13, 2, 3, 4, 5, 11, 6, 12, 1, 0, 9, 8, 10]"
662,0.0002901915264074289,0.00028422484413208164,"[7, 13, 2, 3, 4, 5, 11, 6, 12, 1, 0, 9, 8, 10]"
663,0.0002901915264074289,0.0002843691558569523,"[7, 13, 2, 3, 4, 5, 11, 6, 12, 1, 0, 9, 8, 10]"
664,0.0002901915264074289,0.000284513467581823,"[7, 13, 2, 3, 4, 5, 11, 6, 12, 1, 0, 9, 8, 10]"
665,0.0002901915264074289,0.000284513467581823,"[7, 13, 2, 3, 4, 5, 11, 6, 12, 1, 0, 9, 8, 10]"
666,0.0002901915264074289,0.000284513467581823,"[7, 13, 2, 3, 4, 5, 11, 6, 12, 1, 0, 9, 8, 10]"
667,0.0002901915264074289,0.000284513467581823,"[7, 13, 2, 3, 4, 5, 11, 6, 12, 1, 0, 9, 8, 10]"
668,0.0002901915264074289,0.0002845856234442583,"[7, 13, 2, 3, 4, 5, 11, 6, 12, 1, 0, 9, 8, 10]"
669,0.0002901915264074289,0.000284729935169129,"[7, 13, 2, 3, 4, 5, 11, 6, 12, 1, 0, 9, 8, 10]"
670,0.0002901915264074289,0.0002848742468939996,"[7, 13, 2, 3, 4, 5, 11, 6, 12, 1, 0, 9, 8, 10]"
671,0.0002901915264074289,0.0002848742468939996,"[7, 13, 2, 3, 4, 5, 11, 6, 12, 1, 0, 9, 8, 10]"
672,0.00029342723004694836,0.00028508503625343783,"[12, 6, 11, 5, 4, 3, 2, 13, 7, 1, 0, 9, 8, 10]"
673,0.00029342723004694836,0.0002852293479783085,"[12, 6, 11, 5, 4, 3, 2, 13, 7, 1, 0, 9, 8, 10]"
674,0.00029342723004694836,0.00028537365970317914,"[12, 6, 11, 5, 4, 3, 2, 13, 7, 1, 0, 9, 8, 10]"
675,0.00029342723004694836,0.00028537365970317914,"[12, 6, 11, 5, 4, 3, 2, 13, 7, 1, 0, 9, 8, 10]"
676,0.00029342723004694836,0.0002854458155656145,"[12, 6, 11, 5, 4, 3, 2, 13, 7, 1, 0, 9, 8, 10]"
677,0.00029342723004694836,0.0002855901272904851,"[12, 6, 11, 5, 4, 3, 2, 13, 7, 1, 0, 9, 8, 10]"
678,0.00029342723004694836,0.00028561536295810457,"[12, 6, 11, 5, 4, 3, 2, 13, 7, 1, 0, 9, 8, 10]"
679,0.00029342723004694836,0.00028561536295810457,"[12, 6, 11, 5, 4, 3, 2, 13, 7, 1, 0, 9, 8, 10]"
680,0.00029342723004694836,0.0002857539964551075,"[12, 6, 11, 5, 4, 3, 2, 13, 7, 1, 0, 9, 8, 10]"
681,0.00029342723004694836,0.0002857539964551075,"[12, 6, 11, 5, 4, 3, 2, 13, 7, 1, 0, 9, 8, 10]"
682,0.00029342723004694836,0.0002857539964551075,"[12, 6, 11, 5, 4, 3, 2, 13, 7, 1, 0, 9, 8, 10]"
683,0.00029342723004694836,0.0002858261523175428,"[12, 6, 11, 5, 4, 3, 2, 13, 7, 1, 0, 9, 8, 10]"
684,0.00029342723004694836,0.0002858474149225269,"[12, 6, 11, 5, 4, 3, 2, 13, 7, 1, 0, 9, 8, 10]"
685,0.00029342723004694836,0.00028591957078496225,"[12, 6, 11, 5, 4, 3, 2, 13, 7, 1, 0, 9, 8, 10]"
686,0.00029342723004694836,0.00028591957078496225,"[12, 6, 11, 5, 4, 3, 2, 13, 7, 1, 0, 9, 8, 10]"
687,0.00029342723004694836,0.000286196837778968,"[12, 6, 11, 5, 4, 3, 2, 13, 7, 1, 0, 9, 8, 10]"
688,0.00029342723004694836,0.0002864076271384063,"[12, 6, 11, 5, 4, 3, 2, 13, 7, 1, 0, 9, 8, 10]"
689,0.00029342723004694836,0.0002864076271384063,"[12, 6, 11, 5, 4, 3, 2, 13, 7, 1, 0, 9, 8, 10]"
690,0.00029342723004694836,0.00028655193886327685,"[12, 6, 11, 5, 4, 3, 2, 13, 7, 1, 0, 9, 8, 10]"
691,0.00029342723004694836,0.00028676194644452617,"[12, 6, 11, 5, 4, 3, 2, 13, 7, 1, 0, 9, 8, 10]"
692,0.00029342723004694836,0.00028694206291408783,"[12, 6, 11, 5, 4, 3, 2, 13, 7, 1, 0, 9, 8, 10]"
693,0.00029342723004694836,0.0002871688585728547,"[12, 6, 11, 5, 4, 3, 2, 13, 7, 1, 0, 9, 8, 10]"
694,0.00029342723004694836,0.00028736995881941703,"[12, 6, 11, 5, 4, 3, 2, 13, 7, 1, 0, 9, 8, 10]"
695,0.00029342723004694836,0.00028754536365377474,"[12, 6, 11, 5, 4, 3, 2, 13, 7, 1, 0, 9, 8, 10]"
696,0.00029342723004694836,0.00028765429085356485,"[12, 6, 11, 5, 4, 3, 2, 13, 7, 1, 0, 9, 8, 10]"
697,0.00029342723004694836,0.00028765429085356485,"[12, 6, 11, 5, 4, 3, 2, 13, 7, 1, 0, 9, 8, 10]"
698,0.00029342723004694836,0.00028765429085356485,"[12, 6, 11, 5, 4, 3, 2, 13, 7, 1, 0, 9, 8, 10]"
699,0.00029342723004694836,0.00028776321805335496,"[12, 6, 11, 5, 4, 3, 2, 13, 7, 1, 0, 9, 8, 10]"
700,0.00029342723004694836,0.0002879386228877127,"[12, 6, 11, 5, 4, 3, 2, 13, 7, 1, 0, 9, 8, 10]"
701,0.00029342723004694836,0.00028804430520875296,"[12, 6, 11, 5, 4, 3, 2, 13, 7, 1, 0, 9, 8, 10]"
702,0.00029342723004694836,0.00028817726047788815,"[12, 6, 11, 5, 4, 3, 2, 13, 7, 1, 0, 9, 8, 10]"
703,0.00029342723004694836,0.00028831021574702323,"[12, 6, 11, 5, 4, 3, 2, 13, 7, 1, 0, 9, 8, 10]"
704,0.00029342723004694836,0.00028839157383820263,"[12, 6, 11, 5, 4, 3, 2, 13, 7, 1, 0, 9, 8, 10]"
705,0.00029342723004694836,0.0002885245291073377,"[12, 6, 11, 5, 4, 3, 2, 13, 7, 1, 0, 9, 8, 10]"
706,0.00029342723004694836,0.0002886574843764728,"[12, 6, 11, 5, 4, 3, 2, 13, 7, 1, 0, 9, 8, 10]"
707,0.00029342723004694836,0.000288790439645608,"[12, 6, 11, 5, 4, 3, 2, 13, 7, 1, 0, 9, 8, 10]"
708,0.00029342723004694836,0.000288790439645608,"[12, 6, 11, 5, 4, 3, 2, 13, 7, 1, 0, 9, 8, 10]"
709,0.00029342723004694836,0.00028892339491474306,"[12, 6, 11, 5, 4, 3, 2, 13, 7, 1, 0, 9, 8, 10]"
710,0.00029342723004694836,0.0002890563501838782,"[12, 6, 11, 5, 4, 3, 2, 13, 7, 1, 0, 9, 8, 10]"
711,0.00029342723004694836,0.00028918930545301333,"[12, 6, 11, 5, 4, 3, 2, 13, 7, 1, 0, 9, 8, 10]"
712,0.00029342723004694836,0.00028918930545301333,"[12, 6, 11, 5, 4, 3, 2, 13, 7, 1, 0, 9, 8, 10]"
713,0.00029342723004694836,0.00028932226072214847,"[12, 6, 11, 5, 4, 3, 2, 13, 7, 1, 0, 9, 8, 10]"
714,0.00029342723004694836,0.00028945521599128355,"[12, 6, 11, 5, 4, 3, 2, 13, 7, 1, 0, 9, 8, 10]"
715,0.00029342723004694836,0.00028945521599128355,"[12, 6, 11, 5, 4, 3, 2, 13, 7, 1, 0, 9, 8, 10]"
716,0.00029342723004694836,0.0002895685011167548,"[12, 6, 11, 5, 4, 3, 2, 13, 7, 1, 0, 9, 8, 10]"
717,0.00029342723004694836,0.0002897014563858899,"[12, 6, 11, 5, 4, 3, 2, 13, 7, 1, 0, 9, 8, 10]"
718,0.00029342723004694836,0.00028983441165502505,"[12, 6, 11, 5, 4, 3, 2, 13, 7, 1, 0, 9, 8, 10]"
719,0.00029342723004694836,0.000289935009887765,"[12, 6, 11, 5, 4, 3, 2, 13, 7, 1, 0, 9, 8, 10]"
720,0.00029342723004694836,0.0002900679651569001,"[12, 6, 11, 5, 4, 3, 2, 13, 7, 1, 0, 9, 8, 10]"
721,0.00029342723004694836,0.00029020092042603525,"[12, 6, 11, 5, 4, 3, 2, 13, 7, 1, 0, 9, 8, 10]"
722,0.00029342723004694836,0.0002903015186587752,"[12, 6, 11, 5, 4, 3, 2, 13, 7, 1, 0, 9, 8, 10]"
723,0.00029342723004694836,0.0002903679962933427,"[12, 6, 11, 5, 4, 3, 2, 13, 7, 1, 0, 9, 8, 10]"
724,0.00029342723004694836,0.00029050095156247786,"[12, 6, 11, 5, 4, 3, 2, 13, 7, 1, 0, 9, 8, 10]"
725,0.00029342723004694836,0.00029063390683161294,"[12, 6, 11, 5, 4, 3, 2, 13, 7, 1, 0, 9, 8, 10]"
726,0.00029342723004694836,0.00029070038446618054,"[12, 6, 11, 5, 4, 3, 2, 13, 7, 1, 0, 9, 8, 10]"
727,0.00029342723004694836,0.00029083333973531567,"[12, 6, 11, 5, 4, 3, 2, 13, 7, 1, 0, 9, 8, 10]"
728,0.00029342723004694836,0.0002909662950044508,"[12, 6, 11, 5, 4, 3, 2, 13, 7, 1, 0, 9, 8, 10]"
729,0.00029342723004694836,0.0002909662950044508,"[12, 6, 11, 5, 4, 3, 2, 13, 7, 1, 0, 9, 8, 10]"
730,0.00029342723004694836,0.0002910992502735859,"[12, 6, 11, 5, 4, 3, 2, 13, 7, 1, 0, 9, 8, 10]"
731,0.00029342723004694836,0.000291232205542721,"[12, 6, 11, 5, 4, 3, 2, 13, 7, 1, 0, 9, 8, 10]"
732,0.00029342723004694836,0.000291232205542721,"[12, 6, 11, 5, 4, 3, 2, 13, 7, 1, 0, 9, 8, 10]"
733,0.00029342723004694836,0.00029136516081185615,"[12, 6, 11, 5, 4, 3, 2, 13, 7, 1, 0, 9, 8, 10]"
734,0.00029342723004694836,0.00029136516081185615,"[12, 6, 11, 5, 4, 3, 2, 13, 7, 1, 0, 9, 8, 10]"
735,0.00029342723004694836,0.00029136516081185615,"[12, 6, 11, 5, 4, 3, 2, 13, 7, 1, 0, 9, 8, 10]"
736,0.00029342723004694836,0.0002914981160809913,"[12, 6, 11, 5, 4, 3, 2, 13, 7, 1, 0, 9, 8, 10]"
737,0.00029342723004694836,0.00029163107135012637,"[12, 6, 11, 5, 4, 3, 2, 13, 7, 1, 0, 9, 8, 10]"
738,0.00029342723004694836,0.0002917640266192615,"[12, 6, 11, 5, 4, 3, 2, 13, 7, 1, 0, 9, 8, 10]"
739,0.00029342723004694836,0.0002918969818883966,"[12, 6, 11, 5, 4, 3, 2, 13, 7, 1, 0, 9, 8, 10]"
740,0.00029342723004694836,0.0002920299371575317,"[12, 6, 11, 5, 4, 3, 2, 13, 7, 1, 0, 9, 8, 10]"
741,0.00029342723004694836,0.00029216289242666685,"[12, 6, 11, 5, 4, 3, 2, 13, 7, 1, 0, 9, 8, 10]"
742,0.00029342723004694836,0.00029222937006123445,"[12, 6, 11, 5, 4, 3, 2, 13, 7, 1, 0, 9, 8, 10]"
743,0.00029342723004694836,0.0002923623253303695,"[12, 6, 11, 5, 4, 3, 2, 13, 7, 1, 0, 9, 8, 10]"
744,0.00029342723004694836,0.00029249528059950466,"[12, 6, 11, 5, 4, 3, 2, 13, 7, 1, 0, 9, 8, 10]"
745,0.00029342723004694836,0.0002926282358686398,"[12, 6, 11, 5, 4, 3, 2, 13, 7, 1, 0, 9, 8, 10]"
746,0.00029342723004694836,0.0002927611911377749,"[12, 6, 11, 5, 4, 3, 2, 13, 7, 1, 0, 9, 8, 10]"
747,0.00029342723004694836,0.00029289414640691,"[12, 6, 11, 5, 4, 3, 2, 13, 7, 1, 0, 9, 8, 10]"
748,0.00029342723004694836,0.00029302710167604515,"[12, 6, 11, 5, 4, 3, 2, 13, 7, 1, 0, 9, 8, 10]"
749,0.00029342723004694836,0.0002931600569451803,"[12, 6, 11, 5, 4, 3, 2, 13, 7, 1, 0, 9, 8, 10]"
750,0.00029342723004694836,0.00029327813175770366,"[12, 6, 11, 5, 4, 3, 2, 13, 7, 1, 0, 9, 8, 10]"
751,0.00029342723004694836,0.00029331048879409886,"[12, 6, 11, 5, 4, 3, 2, 13, 7, 1, 0, 9, 8, 10]"
752,0.00029342723004694836,0.000293342845830494,"[12, 6, 11, 5, 4, 3, 2, 13, 7, 1, 0, 9, 8, 10]"
753,0.00029342723004694836,0.0002933752028668892,"[12, 6, 11, 5, 4, 3, 2, 13, 7, 1, 0, 9, 8, 10]"
754,0.00029342723004694836,0.0002933752028668892,"[12, 6, 11, 5, 4, 3, 2, 13, 7, 1, 0, 9, 8, 10]"
755,0.00029342723004694836,0.0002934272300469483,"[12, 6, 11, 5, 4, 3, 2, 13, 7, 1, 0, 9, 8, 10]"
756,0.00029342723004694836,0.0002934272300469483,"[12, 6, 11, 5, 4, 3, 2, 13, 7, 1, 0, 9, 8, 10]"
757,0.00029342723004694836,0.0002934272300469483,"[12, 6, 11, 5, 4, 3, 2, 13, 7, 1, 0, 9, 8, 10]"
758,0.00029342723004694836,0.0002934272300469483,"[12, 6, 11, 5, 4, 3, 2, 13, 7, 1, 0, 9, 8, 10]"
759,0.00029342723004694836,0.0002934272300469483,"[12, 6, 11, 5, 4, 3, 2, 13, 7, 1, 0, 9, 8, 10]"
760,0.00029342723004694836,0.0002934272300469483,"[12, 6, 11, 5, 4, 3, 2, 13, 7, 1, 0, 9, 8, 10]"
761,0.00029342723004694836,0.0002934272300469483,"[12, 6, 11, 5, 4, 3, 2, 13, 7, 1, 0, 9, 8, 10]"
762,0.00029342723004694836,0.0002934272300469483,"[12, 6, 11, 5, 4, 3, 2, 13, 7, 1, 0, 9, 8, 10]"
763,0.00029342723004694836,0.0002934272300469483,"[12, 6, 11, 5, 4, 3, 2, 13, 7, 1, 0, 9, 8, 10]"
764,0.00029342723004694836,0.0002934272300469483,"[12, 6, 11, 5, 4, 3, 2, 13, 7, 1, 0, 9, 8, 10]"
765,0.00029342723004694836,0.0002934272300469483,"[12, 6, 11, 5, 4, 3, 2, 13, 7, 1, 0, 9, 8, 10]"
766,0.00029342723004694836,0.0002934272300469483,"[12, 6, 11, 5, 4, 3, 2, 13, 7, 1, 0, 9, 8, 10]"
767,0.00029342723004694836,0.0002934272300469483,"[12, 6, 11, 5, 4, 3, 2, 13, 7, 1, 0, 9, 8, 10]"
768,0.00029342723004694836,0.0002934272300469483,"[12, 6, 11, 5, 4, 3, 2, 13, 7, 1, 0, 9, 8, 10]"
769,0.00029342723004694836,0.0002934272300469483,"[12, 6, 11, 5, 4, 3, 2, 13, 7, 1, 0, 9, 8, 10]"
770,0.00029342723004694836,0.0002934272300469483,"[12, 6, 11, 5, 4, 3, 2, 13, 7, 1, 0, 9, 8, 10]"
771,0.00029342723004694836,0.0002934272300469483,"[12, 6, 11, 5, 4, 3, 2, 13, 7, 1, 0, 9, 8, 10]"
772,0.00029342723004694836,0.0002934272300469483,"[12, 6, 11, 5, 4, 3, 2, 13, 7, 1, 0, 9, 8, 10]"
773,0.00029342723004694836,0.0002934272300469483,"[12, 6, 11, 5, 4, 3, 2, 13, 7, 1, 0, 9, 8, 10]"
774,0.00029342723004694836,0.0002934272300469483,"[12, 6, 11, 5, 4, 3, 2, 13, 7, 1, 0, 9, 8, 10]"
775,0.00029342723004694836,0.0002934272300469483,"[12, 6, 11, 5, 4, 3, 2, 13, 7, 1, 0, 9, 8, 10]"
776,0.00029342723004694836,0.0002934272300469483,"[12, 6, 11, 5, 4, 3, 2, 13, 7, 1, 0, 9, 8, 10]"
777,0.00029342723004694836,0.0002934272300469483,"[12, 6, 11, 5, 4, 3, 2, 13, 7, 1, 0, 9, 8, 10]"
778,0.00029342723004694836,0.0002934272300469483,"[12, 6, 11, 5, 4, 3, 2, 13, 7, 1, 0, 9, 8, 10]"
779,0.00029342723004694836,0.0002934272300469483,"[12, 6, 11, 5, 4, 3, 2, 13, 7, 1, 0, 9, 8, 10]"
780,0.00029342723004694836,0.0002934272300469483,"[12, 6, 11, 5, 4, 3, 2, 13, 7, 1, 0, 9, 8, 10]"
781,0.00029342723004694836,0.0002934272300469483,"[12, 6, 11, 5, 4, 3, 2, 13, 7, 1, 0, 9, 8, 10]"
782,0.00029342723004694836,0.0002934272300469483,"[12, 6, 11, 5, 4, 3, 2, 13, 7, 1, 0, 9, 8, 10]"
783,0.00029342723004694836,0.0002934272300469483,"[12, 6, 11, 5, 4, 3, 2, 13, 7, 1, 0, 9, 8, 10]"
784,0.00029342723004694836,0.0002934272300469483,"[12, 6, 11, 5, 4, 3, 2, 13, 7, 1, 0, 9, 8, 10]"
785,0.00029342723004694836,0.0002934272300469483,"[12, 6, 11, 5, 4, 3, 2, 13, 7, 1, 0, 9, 8, 10]"
786,0.00029342723004694836,0.0002934272300469483,"[12, 6, 11, 5, 4, 3, 2, 13, 7, 1, 0, 9, 8, 10]"
787,0.00029342723004694836,0.0002934272300469483,"[12, 6, 11, 5, 4, 3, 2, 13, 7, 1, 0, 9, 8, 10]"
788,0.00029342723004694836,0.0002934272300469483,"[12, 6, 11, 5, 4, 3, 2, 13, 7, 1, 0, 9, 8, 10]"
789,0.00029342723004694836,0.0002934272300469483,"[12, 6, 11, 5, 4, 3, 2, 13, 7, 1, 0, 9, 8, 10]"
790,0.00029342723004694836,0.0002934272300469483,"[12, 6, 11, 5, 4, 3, 2, 13, 7, 1, 0, 9, 8, 10]"
791,0.00029342723004694836,0.0002934272300469483,"[12, 6, 11, 5, 4, 3, 2, 13, 7, 1, 0, 9, 8, 10]"
792,0.00029342723004694836,0.0002934272300469483,"[12, 6, 11, 5, 4, 3, 2, 13, 7, 1, 0, 9, 8, 10]"
793,0.00029342723004694836,0.0002934272300469483,"[12, 6, 11, 5, 4, 3, 2, 13, 7, 1, 0, 9, 8, 10]"
794,0.00029342723004694836,0.0002934272300469483,"[12, 6, 11, 5, 4, 3, 2, 13, 7, 1, 0, 9, 8, 10]"
795,0.00029342723004694836,0.0002934272300469483,"[12, 6, 11, 5, 4, 3, 2, 13, 7, 1, 0, 9, 8, 10]"
796,0.00029342723004694836,0.0002934272300469483,"[12, 6, 11, 5, 4, 3, 2, 13, 7, 1, 0, 9, 8, 10]"
797,0.00029342723004694836,0.0002934272300469483,"[12, 6, 11, 5, 4, 3, 2, 13, 7, 1, 0, 9, 8, 10]"
798,0.00029342723004694836,0.0002934272300469483,"[12, 6, 11, 5, 4, 3, 2, 13, 7, 1, 0, 9, 8, 10]"
799,0.00029342723004694836,0.0002934272300469483,"[12, 6, 11, 5, 4, 3, 2, 13, 7, 1, 0, 9, 8, 10]"
800,0.00029342723004694836,0.0002934272300469483,"[12, 6, 11, 5, 4, 3, 2, 13, 7, 1, 0, 9, 8, 10]"
801,0.00029342723004694836,0.0002934272300469483,"[12, 6, 11, 5, 4, 3, 2, 13, 7, 1, 0, 9, 8, 10]"
802,0.00029342723004694836,0.0002934272300469483,"[12, 6, 11, 5, 4, 3, 2, 13, 7, 1, 0, 9, 8, 10]"
803,0.00029342723004694836,0.0002934272300469483,"[12, 6, 11, 5, 4, 3, 2, 13, 7, 1, 0, 9, 8, 10]"
804,0.00029342723004694836,0.0002934272300469483,"[12, 6, 11, 5, 4, 3, 2, 13, 7, 1, 0, 9, 8, 10]"
805,0.00029342723004694836,0.0002934272300469483,"[12, 6, 11, 5, 4, 3, 2, 13, 7, 1, 0, 9, 8, 10]"
806,0.00029342723004694836,0.0002934272300469483,"[12, 6, 11, 5, 4, 3, 2, 13, 7, 1, 0, 9, 8, 10]"
807,0.00029342723004694836,0.0002934272300469483,"[12, 6, 11, 5, 4, 3, 2, 13, 7, 1, 0, 9, 8, 10]"
808,0.00029342723004694836,0.0002934272300469483,"[12, 6, 11, 5, 4, 3, 2, 13, 7, 1, 0, 9, 8, 10]"
809,0.00029342723004694836,0.0002934272300469483,"[12, 6, 11, 5, 4, 3, 2, 13, 7, 1, 0, 9, 8, 10]"
810,0.00029342723004694836,0.0002934272300469483,"[12, 6, 11, 5, 4, 3, 2, 13, 7, 1, 0, 9, 8, 10]"
811,0.00029342723004694836,0.0002934272300469483,"[12, 6, 11, 5, 4, 3, 2, 13, 7, 1, 0, 9, 8, 10]"
812,0.00029342723004694836,0.0002934272300469483,"[12, 6, 11, 5, 4, 3, 2, 13, 7, 1, 0, 9, 8, 10]"
813,0.00029342723004694836,0.0002934272300469483,"[12, 6, 11, 5, 4, 3, 2, 13, 7, 1, 0, 9, 8, 10]"
814,0.00029342723004694836,0.0002934272300469483,"[12, 6, 11, 5, 4, 3, 2, 13, 7, 1, 0, 9, 8, 10]"
815,0.00029342723004694836,0.0002934272300469483,"[12, 6, 11, 5, 4, 3, 2, 13, 7, 1, 0, 9, 8, 10]"
816,0.00029342723004694836,0.0002934272300469483,"[12, 6, 11, 5, 4, 3, 2, 13, 7, 1, 0, 9, 8, 10]"
817,0.00029342723004694836,0.0002934272300469483,"[12, 6, 11, 5, 4, 3, 2, 13, 7, 1, 0, 9, 8, 10]"
818,0.00029342723004694836,0.0002934272300469483,"[12, 6, 11, 5, 4, 3, 2, 13, 7, 1, 0, 9, 8, 10]"
819,0.00029342723004694836,0.0002934272300469483,"[12, 6, 11, 5, 4, 3, 2, 13, 7, 1, 0, 9, 8, 10]"
820,0.00029342723004694836,0.0002934272300469483,"[12, 6, 11, 5, 4, 3, 2, 13, 7, 1, 0, 9, 8, 10]"
821,0.00029342723004694836,0.0002934272300469483,"[12, 6, 11, 5, 4, 3, 2, 13, 7, 1, 0, 9, 8, 10]"
822,0.00029342723004694836,0.0002934272300469483,"[12, 6, 11, 5, 4, 3, 2, 13, 7, 1, 0, 9, 8, 10]"
823,0.00029342723004694836,0.0002934272300469483,"[12, 6, 11, 5, 4, 3, 2, 13, 7, 1, 0, 9, 8, 10]"
824,0.00029342723004694836,0.0002934272300469483,"[12, 6, 11, 5, 4, 3, 2, 13, 7, 1, 0, 9, 8, 10]"
825,0.00029342723004694836,0.0002934272300469483,"[12, 6, 11, 5, 4, 3, 2, 13, 7, 1, 0, 9, 8, 10]"
826,0.00029342723004694836,0.0002934272300469483,"[12, 6, 11, 5, 4, 3, 2, 13, 7, 1, 0, 9, 8, 10]"
827,0.00029342723004694836,0.0002934272300469483,"[12, 6, 11, 5, 4, 3, 2, 13, 7, 1, 0, 9, 8, 10]"
828,0.00029342723004694836,0.0002934272300469483,"[12, 6, 11, 5, 4, 3, 2, 13, 7, 1, 0, 9, 8, 10]"
829,0.00029342723004694836,0.0002934272300469483,"[12, 6, 11, 5, 4, 3, 2, 13, 7, 1, 0, 9, 8, 10]"
830,0.00029342723004694836,0.0002934272300469483,"[12, 6, 11, 5, 4, 3, 2, 13, 7, 1, 0, 9, 8, 10]"
831,0.00029342723004694836,0.0002934272300469483,"[12, 6, 11, 5, 4, 3, 2, 13, 7, 1, 0, 9, 8, 10]"
832,0.00029342723004694836,0.0002934272300469483,"[12, 6, 11, 5, 4, 3, 2, 13, 7, 1, 0, 9, 8, 10]"
833,0.00029342723004694836,0.0002934272300469483,"[12, 6, 11, 5, 4, 3, 2, 13, 7, 1, 0, 9, 8, 10]"
834,0.00029342723004694836,0.0002934272300469483,"[12, 6, 11, 5, 4, 3, 2, 13, 7, 1, 0, 9, 8, 10]"
835,0.00029342723004694836,0.0002934272300469483,"[12, 6, 11, 5, 4, 3, 2, 13, 7, 1, 0, 9, 8, 10]"
836,0.00029342723004694836,0.0002934272300469483,"[12, 6, 11, 5, 4, 3, 2, 13, 7, 1, 0, 9, 8, 10]"
837,0.00029342723004694836,0.0002934272300469483,"[12, 6, 11, 5, 4, 3, 2, 13, 7, 1, 0, 9, 8, 10]"
838,0.00029342723004694836,0.0002934272300469483,"[12, 6, 11, 5, 4, 3, 2, 13, 7, 1, 0, 9, 8, 10]"
839,0.00029342723004694836,0.0002934272300469483,"[12, 6, 11, 5, 4, 3, 2, 13, 7, 1, 0, 9, 8, 10]"
840,0.00029342723004694836,0.0002934272300469483,"[12, 6, 11, 5, 4, 3, 2, 13, 7, 1, 0, 9, 8, 10]"
841,0.00029342723004694836,0.0002934272300469483,"[12, 6, 11, 5, 4, 3, 2, 13, 7, 1, 0, 9, 8, 10]"
842,0.00029342723004694836,0.0002934272300469483,"[12, 6, 11, 5, 4, 3, 2, 13, 7, 1, 0, 9, 8, 10]"
843,0.00029342723004694836,0.0002934272300469483,"[12, 6, 11, 5, 4, 3, 2, 13, 7, 1, 0, 9, 8, 10]"
844,0.00029342723004694836,0.0002934272300469483,"[12, 6, 11, 5, 4, 3, 2, 13, 7, 1, 0, 9, 8, 10]"
845,0.00029342723004694836,0.0002934272300469483,"[12, 6, 11, 5, 4, 3, 2, 13, 7, 1, 0, 9, 8, 10]"
846,0.00029342723004694836,0.0002934272300469483,"[12, 6, 11, 5, 4, 3, 2, 13, 7, 1, 0, 9, 8, 10]"
847,0.00029342723004694836,0.0002934272300469483,"[12, 6, 11, 5, 4, 3, 2, 13, 7, 1, 0, 9, 8, 10]"
848,0.00029342723004694836,0.0002934272300469483,"[12, 6, 11, 5, 4, 3, 2, 13, 7, 1, 0, 9, 8, 10]"
849,0.00029342723004694836,0.0002934272300469483,"[12, 6, 11, 5, 4, 3, 2, 13, 7, 1, 0, 9, 8, 10]"
850,0.00029342723004694836,0.0002934272300469483,"[12, 6, 11, 5, 4, 3, 2, 13, 7, 1, 0, 9, 8, 10]"
851,0.00029342723004694836,0.0002934272300469483,"[12, 6, 11, 5, 4, 3, 2, 13, 7, 1, 0, 9, 8, 10]"
852,0.00029342723004694836,0.0002934272300469483,"[12, 6, 11, 5, 4, 3, 2, 13, 7, 1, 0, 9, 8, 10]"
853,0.00029342723004694836,0.0002934272300469483,"[12, 6, 11, 5, 4, 3, 2, 13, 7, 1, 0, 9, 8, 10]"
854,0.00029342723004694836,0.0002934272300469483,"[12, 6, 11, 5, 4, 3, 2, 13, 7, 1, 0, 9, 8, 10]"
855,0.00029342723004694836,0.0002934272300469483,"[12, 6, 11, 5, 4, 3, 2, 13, 7, 1, 0, 9, 8, 10]"
856,0.00029342723004694836,0.0002934272300469483,"[12, 6, 11, 5, 4, 3, 2, 13, 7, 1, 0, 9, 8, 10]"
857,0.00029342723004694836,0.0002934272300469483,"[12, 6, 11, 5, 4, 3, 2, 13, 7, 1, 0, 9, 8, 10]"
858,0.00029342723004694836,0.0002934272300469483,"[12, 6, 11, 5, 4, 3, 2, 13, 7, 1, 0, 9, 8, 10]"
859,0.00029342723004694836,0.0002934272300469483,"[12, 6, 11, 5, 4, 3, 2, 13, 7, 1, 0, 9, 8, 10]"
860,0.00029342723004694836,0.0002934272300469483,"[12, 6, 11, 5, 4, 3, 2, 13, 7, 1, 0, 9, 8, 10]"
861,0.00029342723004694836,0.0002934272300469483,"[12, 6, 11, 5, 4, 3, 2, 13, 7, 1, 0, 9, 8, 10]"
862,0.00029342723004694836,0.0002934272300469483,"[12, 6, 11, 5, 4, 3, 2, 13, 7, 1, 0, 9, 8, 10]"
863,0.00029342723004694836,0.0002934272300469483,"[12, 6, 11, 5, 4, 3, 2, 13, 7, 1, 0, 9, 8, 10]"
864,0.00029342723004694836,0.0002934272300469483,"[12, 6, 11, 5, 4, 3, 2, 13, 7, 1, 0, 9, 8, 10]"
865,0.00029342723004694836,0.0002934272300469483,"[12, 6, 11, 5, 4, 3, 2, 13, 7, 1, 0, 9, 8, 10]"
866,0.00029342723004694836,0.0002934272300469483,"[12, 6, 11, 5, 4, 3, 2, 13, 7, 1, 0, 9, 8, 10]"
867,0.00029342723004694836,0.0002934272300469483,"[12, 6, 11, 5, 4, 3, 2, 13, 7, 1, 0, 9, 8, 10]"
868,0.00029342723004694836,0.0002934272300469483,"[12, 6, 11, 5, 4, 3, 2, 13, 7, 1, 0, 9, 8, 10]"
869,0.00029342723004694836,0.0002934272300469483,"[12, 6, 11, 5, 4, 3, 2, 13, 7, 1, 0, 9, 8, 10]"
870,0.00029342723004694836,0.0002934272300469483,"[12, 6, 11, 5, 4, 3, 2, 13, 7, 1, 0, 9, 8, 10]"
871,0.00029342723004694836,0.0002934272300469483,"[12, 6, 11, 5, 4, 3, 2, 13, 7, 1, 0, 9, 8, 10]"
872,0.00029342723004694836,0.0002934272300469483,"[12, 6, 11, 5, 4, 3, 2, 13, 7, 1, 0, 9, 8, 10]"
873,0.00029342723004694836,0.0002934272300469483,"[12, 6, 11, 5, 4, 3, 2, 13, 7, 1, 0, 9, 8, 10]"
874,0.00029342723004694836,0.0002934272300469483,"[12, 6, 11, 5, 4, 3, 2, 13, 7, 1, 0, 9, 8, 10]"
875,0.00029342723004694836,0.0002934272300469483,"[12, 6, 11, 5, 4, 3, 2, 13, 7, 1, 0, 9, 8, 10]"
876,0.00029342723004694836,0.0002934272300469483,"[12, 6, 11, 5, 4, 3, 2, 13, 7, 1, 0, 9, 8, 10]"
877,0.00029342723004694836,0.0002934272300469483,"[12, 6, 11, 5, 4, 3, 2, 13, 7, 1, 0, 9, 8, 10]"
878,0.00029342723004694836,0.0002934272300469483,"[12, 6, 11, 5, 4, 3, 2, 13, 7, 1, 0, 9, 8, 10]"
879,0.00029342723004694836,0.0002934272300469483,"[12, 6, 11, 5, 4, 3, 2, 13, 7, 1, 0, 9, 8, 10]"
880,0.00029342723004694836,0.0002934272300469483,"[12, 6, 11, 5, 4, 3, 2, 13, 7, 1, 0, 9, 8, 10]"
881,0.00029342723004694836,0.0002934272300469483,"[12, 6, 11, 5, 4, 3, 2, 13, 7, 1, 0, 9, 8, 10]"
882,0.00029342723004694836,0.0002934272300469483,"[12, 6, 11, 5, 4, 3, 2, 13, 7, 1, 0, 9, 8, 10]"
883,0.00029342723004694836,0.0002934272300469483,"[12, 6, 11, 5, 4, 3, 2, 13, 7, 1, 0, 9, 8, 10]"
884,0.00029342723004694836,0.0002934272300469483,"[12, 6, 11, 5, 4, 3, 2, 13, 7, 1, 0, 9, 8, 10]"
885,0.00029342723004694836,0.0002934272300469483,"[12, 6, 11, 5, 4, 3, 2, 13, 7, 1, 0, 9, 8, 10]"
886,0.00029342723004694836,0.0002934272300469483,"[12, 6, 11, 5, 4, 3, 2, 13, 7, 1, 0, 9, 8, 10]"
887,0.00029342723004694836,0.0002934272300469483,"[12, 6, 11, 5, 4, 3, 2, 13, 7, 1, 0, 9, 8, 10]"
888,0.00029342723004694836,0.0002934272300469483,"[12, 6, 11, 5, 4, 3, 2, 13, 7, 1, 0, 9, 8, 10]"
889,0.00029342723004694836,0.0002934272300469483,"[12, 6, 11, 5, 4, 3, 2, 13, 7, 1, 0, 9, 8, 10]"
890,0.00029342723004694836,0.0002934272300469483,"[12, 6, 11, 5, 4, 3, 2, 13, 7, 1, 0, 9, 8, 10]"
891,0.00029342723004694836,0.0002934272300469483,"[12, 6, 11, 5, 4, 3, 2, 13, 7, 1, 0, 9, 8, 10]"
892,0.00029342723004694836,0.0002934272300469483,"[12, 6, 11, 5, 4, 3, 2, 13, 7, 1, 0, 9, 8, 10]"
893,0.00029342723004694836,0.0002934272300469483,"[12, 6, 11, 5, 4, 3, 2, 13, 7, 1, 0, 9, 8, 10]"
894,0.00029342723004694836,0.0002934272300469483,"[12, 6, 11, 5, 4, 3, 2, 13, 7, 1, 0, 9, 8, 10]"
895,0.00029342723004694836,0.0002934272300469483,"[12, 6, 11, 5, 4, 3, 2, 13, 7, 1, 0, 9, 8, 10]"
896,0.00029342723004694836,0.0002934272300469483,"[12, 6, 11, 5, 4, 3, 2, 13, 7, 1, 0, 9, 8, 10]"
897,0.00029342723004694836,0.0002934272300469483,"[12, 6, 11, 5, 4, 3, 2, 13, 7, 1, 0, 9, 8, 10]"
898,0.00029342723004694836,0.0002934272300469483,"[12, 6, 11, 5, 4, 3, 2, 13, 7, 1, 0, 9, 8, 10]"
899,0.00029342723004694836,0.0002934272300469483,"[12, 6, 11, 5, 4, 3, 2, 13, 7, 1, 0, 9, 8, 10]"
900,0.00029342723004694836,0.0002934272300469483,"[12, 6, 11, 5, 4, 3, 2, 13, 7, 1, 0, 9, 8, 10]"
901,0.00029342723004694836,0.0002934272300469483,"[12, 6, 11, 5, 4, 3, 2, 13, 7, 1, 0, 9, 8, 10]"
902,0.00029342723004694836,0.0002934272300469483,"[12, 6, 11, 5, 4, 3, 2, 13, 7, 1, 0, 9, 8, 10]"
903,0.00029342723004694836,0.0002934272300469483,"[12, 6, 11, 5, 4, 3, 2, 13, 7, 1, 0, 9, 8, 10]"
904,0.00029342723004694836,0.0002934272300469483,"[12, 6, 11, 5, 4, 3, 2, 13, 7, 1, 0, 9, 8, 10]"
905,0.00029342723004694836,0.0002934272300469483,"[12, 6, 11, 5, 4, 3, 2, 13, 7, 1, 0, 9, 8, 10]"
906,0.00029342723004694836,0.0002934272300469483,"[12, 6, 11, 5, 4, 3, 2, 13, 7, 1, 0, 9, 8, 10]"
907,0.00029342723004694836,0.0002934272300469483,"[12, 6, 11, 5, 4, 3, 2, 13, 7, 1, 0, 9, 8, 10]"
908,0.00029342723004694836,0.0002934272300469483,"[12, 6, 11, 5, 4, 3, 2, 13, 7, 1, 0, 9, 8, 10]"
909,0.00029342723004694836,0.0002934272300469483,"[12, 6, 11, 5, 4, 3, 2, 13, 7, 1, 0, 9, 8, 10]"
910,0.00029342723004694836,0.0002934272300469483,"[12, 6, 11, 5, 4, 3, 2, 13, 7, 1, 0, 9, 8, 10]"
911,0.00029342723004694836,0.0002934272300469483,"[12, 6, 11, 5, 4, 3, 2, 13, 7, 1, 0, 9, 8, 10]"
912,0.00029342723004694836,0.0002934272300469483,"[12, 6, 11, 5, 4, 3, 2, 13, 7, 1, 0, 9, 8, 10]"
913,0.00029342723004694836,0.0002934272300469483,"[12, 6, 11, 5, 4, 3, 2, 13, 7, 1, 0, 9, 8, 10]"
914,0.00029342723004694836,0.0002934272300469483,"[12, 6, 11, 5, 4, 3, 2, 13, 7, 1, 0, 9, 8, 10]"
915,0.00029342723004694836,0.0002934272300469483,"[12, 6, 11, 5, 4, 3, 2, 13, 7, 1, 0, 9, 8, 10]"
916,0.00029342723004694836,0.0002934272300469483,"[12, 6, 11, 5, 4, 3, 2, 13, 7, 1, 0, 9, 8, 10]"
917,0.00029342723004694836,0.0002934272300469483,"[12, 6, 11, 5, 4, 3, 2, 13, 7, 1, 0, 9, 8, 10]"
918,0.00029342723004694836,0.0002934272300469483,"[12, 6, 11, 5, 4, 3, 2, 13, 7, 1, 0, 9, 8, 10]"
919,0.00029342723004694836,0.0002934272300469483,"[12, 6, 11, 5, 4, 3, 2, 13, 7, 1, 0, 9, 8, 10]"
920,0.00029342723004694836,0.0002934272300469483,"[12, 6, 11, 5, 4, 3, 2, 13, 7, 1, 0, 9, 8, 10]"
921,0.00029342723004694836,0.0002934272300469483,"[12, 6, 11, 5, 4, 3, 2, 13, 7, 1, 0, 9, 8, 10]"
922,0.00029342723004694836,0.0002934272300469483,"[12, 6, 11, 5, 4, 3, 2, 13, 7, 1, 0, 9, 8, 10]"
923,0.00029342723004694836,0.0002934272300469483,"[12, 6, 11, 5, 4, 3, 2, 13, 7, 1, 0, 9, 8, 10]"
924,0.00029342723004694836,0.0002934272300469483,"[12, 6, 11, 5, 4, 3, 2, 13, 7, 1, 0, 9, 8, 10]"
925,0.00029342723004694836,0.0002934272300469483,"[12, 6, 11, 5, 4, 3, 2, 13, 7, 1, 0, 9, 8, 10]"
926,0.00029342723004694836,0.0002934272300469483,"[12, 6, 11, 5, 4, 3, 2, 13, 7, 1, 0, 9, 8, 10]"
927,0.00029342723004694836,0.0002934272300469483,"[12, 6, 11, 5, 4, 3, 2, 13, 7, 1, 0, 9, 8, 10]"
928,0.00029342723004694836,0.0002934272300469483,"[12, 6, 11, 5, 4, 3, 2, 13, 7, 1, 0, 9, 8, 10]"
929,0.00029342723004694836,0.0002934272300469483,"[12, 6, 11, 5, 4, 3, 2, 13, 7, 1, 0, 9, 8, 10]"
930,0.00029342723004694836,0.0002934272300469483,"[12, 6, 11, 5, 4, 3, 2, 13, 7, 1, 0, 9, 8, 10]"
931,0.00029342723004694836,0.0002934272300469483,"[12, 6, 11, 5, 4, 3, 2, 13, 7, 1, 0, 9, 8, 10]"
932,0.00029342723004694836,0.0002934272300469483,"[12, 6, 11, 5, 4, 3, 2, 13, 7, 1, 0, 9, 8, 10]"
933,0.00029342723004694836,0.0002934272300469483,"[12, 6, 11, 5, 4, 3, 2, 13, 7, 1, 0, 9, 8, 10]"
934,0.00029342723004694836,0.0002934272300469483,"[12, 6, 11, 5, 4, 3, 2, 13, 7, 1, 0, 9, 8, 10]"
935,0.00029342723004694836,0.0002934272300469483,"[12, 6, 11, 5, 4, 3, 2, 13, 7, 1, 0, 9, 8, 10]"
936,0.00029342723004694836,0.0002934272300469483,"[12, 6, 11, 5, 4, 3, 2, 13, 7, 1, 0, 9, 8, 10]"
937,0.00029342723004694836,0.0002934272300469483,"[12, 6, 11, 5, 4, 3, 2, 13, 7, 1, 0, 9, 8, 10]"
938,0.00029342723004694836,0.0002934272300469483,"[12, 6, 11, 5, 4, 3, 2, 13, 7, 1, 0, 9, 8, 10]"
939,0.00029342723004694836,0.0002934272300469483,"[12, 6, 11, 5, 4, 3, 2, 13, 7, 1, 0, 9, 8, 10]"
940,0.00029342723004694836,0.0002934272300469483,"[12, 6, 11, 5, 4, 3, 2, 13, 7, 1, 0, 9, 8, 10]"
941,0.00029342723004694836,0.0002934272300469483,"[12, 6, 11, 5, 4, 3, 2, 13, 7, 1, 0, 9, 8, 10]"
942,0.00029342723004694836,0.0002934272300469483,"[12, 6, 11, 5, 4, 3, 2, 13, 7, 1, 0, 9, 8, 10]"
943,0.00029342723004694836,0.0002934272300469483,"[12, 6, 11, 5, 4, 3, 2, 13, 7, 1, 0, 9, 8, 10]"
944,0.00029342723004694836,0.0002934272300469483,"[12, 6, 11, 5, 4, 3, 2, 13, 7, 1, 0, 9, 8, 10]"
945,0.00029342723004694836,0.0002934272300469483,"[12, 6, 11, 5, 4, 3, 2, 13, 7, 1, 0, 9, 8, 10]"
946,0.00029342723004694836,0.0002934272300469483,"[12, 6, 11, 5, 4, 3, 2, 13, 7, 1, 0, 9, 8, 10]"
947,0.00029342723004694836,0.0002934272300469483,"[12, 6, 11, 5, 4, 3, 2, 13, 7, 1, 0, 9, 8, 10]"
948,0.00029342723004694836,0.0002934272300469483,"[12, 6, 11, 5, 4, 3, 2, 13, 7, 1, 0, 9, 8, 10]"
949,0.00029342723004694836,0.0002934272300469483,"[12, 6, 11, 5, 4, 3, 2, 13, 7, 1, 0, 9, 8, 10]"
950,0.00029342723004694836,0.0002934272300469483,"[12, 6, 11, 5, 4, 3, 2, 13, 7, 1, 0, 9, 8, 10]"
951,0.00029342723004694836,0.0002934272300469483,"[12, 6, 11, 5, 4, 3, 2, 13, 7, 1, 0, 9, 8, 10]"
952,0.00029342723004694836,0.0002934272300469483,"[12, 6, 11, 5, 4, 3, 2, 13, 7, 1, 0, 9, 8, 10]"
953,0.00029342723004694836,0.0002934272300469483,"[12, 6, 11, 5, 4, 3, 2, 13, 7, 1, 0, 9, 8, 10]"
954,0.00029342723004694836,0.0002934272300469483,"[12, 6, 11, 5, 4, 3, 2, 13, 7, 1, 0, 9, 8, 10]"
955,0.00029342723004694836,0.0002934272300469483,"[12, 6, 11, 5, 4, 3, 2, 13, 7, 1, 0, 9, 8, 10]"
956,0.00029342723004694836,0.0002934272300469483,"[12, 6, 11, 5, 4, 3, 2, 13, 7, 1, 0, 9, 8, 10]"
957,0.00029342723004694836,0.0002934272300469483,"[12, 6, 11, 5, 4, 3, 2, 13, 7, 1, 0, 9, 8, 10]"
958,0.00029342723004694836,0.0002934272300469483,"[12, 6, 11, 5, 4, 3, 2, 13, 7, 1, 0, 9, 8, 10]"
959,0.00029342723004694836,0.0002934272300469483,"[12, 6, 11, 5, 4, 3, 2, 13, 7, 1, 0, 9, 8, 10]"
960,0.00029342723004694836,0.0002934272300469483,"[12, 6, 11, 5, 4, 3, 2, 13, 7, 1, 0, 9, 8, 10]"
961,0.00029342723004694836,0.0002934272300469483,"[12, 6, 11, 5, 4, 3, 2, 13, 7, 1, 0, 9, 8, 10]"
962,0.00029342723004694836,0.0002934272300469483,"[12, 6, 11, 5, 4, 3, 2, 13, 7, 1, 0, 9, 8, 10]"
963,0.00029342723004694836,0.0002934272300469483,"[12, 6, 11, 5, 4, 3, 2, 13, 7, 1, 0, 9, 8, 10]"
964,0.00029342723004694836,0.0002934272300469483,"[12, 6, 11, 5, 4, 3, 2, 13, 7, 1, 0, 9, 8, 10]"
965,0.00029342723004694836,0.0002934272300469483,"[12, 6, 11, 5, 4, 3, 2, 13, 7, 1, 0, 9, 8, 10]"
966,0.00029342723004694836,0.0002934272300469483,"[12, 6, 11, 5, 4, 3, 2, 13, 7, 1, 0, 9, 8, 10]"
967,0.00029342723004694836,0.0002934272300469483,"[12, 6, 11, 5, 4, 3, 2, 13, 7, 1, 0, 9, 8, 10]"
968,0.00029342723004694836,0.0002934272300469483,"[12, 6, 11, 5, 4, 3, 2, 13, 7, 1, 0, 9, 8, 10]"
969,0.00029342723004694836,0.0002934272300469483,"[12, 6, 11, 5, 4, 3, 2, 13, 7, 1, 0, 9, 8, 10]"
970,0.00029342723004694836,0.0002934272300469483,"[12, 6, 11, 5, 4, 3, 2, 13, 7, 1, 0, 9, 8, 10]"
971,0.00029342723004694836,0.0002934272300469483,"[12, 6, 11, 5, 4, 3, 2, 13, 7, 1, 0, 9, 8, 10]"
972,0.00029342723004694836,0.0002934272300469483,"[12, 6, 11, 5, 4, 3, 2, 13, 7, 1, 0, 9, 8, 10]"
973,0.00029342723004694836,0.0002934272300469483,"[12, 6, 11, 5, 4, 3, 2, 13, 7, 1, 0, 9, 8, 10]"
974,0.00029342723004694836,0.0002934272300469483,"[12, 6, 11, 5, 4, 3, 2, 13, 7, 1, 0, 9, 8, 10]"
975,0.00029342723004694836,0.0002934272300469483,"[12, 6, 11, 5, 4, 3, 2, 13, 7, 1, 0, 9, 8, 10]"
976,0.00029342723004694836,0.0002934272300469483,"[12, 6, 11, 5, 4, 3, 2, 13, 7, 1, 0, 9, 8, 10]"
977,0.00029342723004694836,0.0002934272300469483,"[12, 6, 11, 5, 4, 3, 2, 13, 7, 1, 0, 9, 8, 10]"
978,0.00029342723004694836,0.0002934272300469483,"[12, 6, 11, 5, 4, 3, 2, 13, 7, 1, 0, 9, 8, 10]"
979,0.00029342723004694836,0.0002934272300469483,"[12, 6, 11, 5, 4, 3, 2, 13, 7, 1, 0, 9, 8, 10]"
980,0.00029342723004694836,0.0002934272300469483,"[12, 6, 11, 5, 4, 3, 2, 13, 7, 1, 0, 9, 8, 10]"
981,0.00029342723004694836,0.0002934272300469483,"[12, 6, 11, 5, 4, 3, 2, 13, 7, 1, 0, 9, 8, 10]"
982,0.00029342723004694836,0.0002934272300469483,"[12, 6, 11, 5, 4, 3, 2, 13, 7, 1, 0, 9, 8, 10]"
983,0.00029342723004694836,0.0002934272300469483,"[12, 6, 11, 5, 4, 3, 2, 13, 7, 1, 0, 9, 8, 10]"
984,0.00029342723004694836,0.0002934272300469483,"[12, 6, 11, 5, 4, 3, 2, 13, 7, 1, 0, 9, 8, 10]"
985,0.00029342723004694836,0.0002934272300469483,"[12, 6, 11, 5, 4, 3, 2, 13, 7, 1, 0, 9, 8, 10]"
986,0.00029342723004694836,0.0002934272300469483,"[12, 6, 11, 5, 4, 3, 2, 13, 7, 1, 0, 9, 8, 10]"
987,0.00029342723004694836,0.0002934272300469483,"[12, 6, 11, 5, 4, 3, 2, 13, 7, 1, 0, 9, 8, 10]"
988,0.00029342723004694836,0.0002934272300469483,"[12, 6, 11, 5, 4, 3, 2, 13, 7, 1, 0, 9, 8, 10]"
989,0.00029342723004694836,0.0002934272300469483,"[12, 6, 11, 5, 4, 3, 2, 13, 7, 1, 0, 9, 8, 10]"
990,0.00029342723004694836,0.0002934272300469483,"[12, 6, 11, 5, 4, 3, 2, 13, 7, 1, 0, 9, 8, 10]"
991,0.00029342723004694836,0.0002934272300469483,"[12, 6, 11, 5, 4, 3, 2, 13, 7, 1, 0, 9, 8, 10]"
992,0.00029342723004694836,0.0002934272300469483,"[12, 6, 11, 5, 4, 3, 2, 13, 7, 1, 0, 9, 8, 10]"
993,0.00029342723004694836,0.0002934272300469483,"[12, 6, 11, 5, 4, 3, 2, 13, 7, 1, 0, 9, 8, 10]"
994,0.00029342723004694836,0.0002934272300469483,"[12, 6, 11, 5, 4, 3, 2, 13, 7, 1, 0, 9, 8, 10]"
995,0.00029342723004694836,0.0002934272300469483,"[12, 6, 11, 5, 4, 3, 2, 13, 7, 1, 0, 9, 8, 10]"
996,0.00029342723004694836,0.0002934272300469483,"[12, 6, 11, 5, 4, 3, 2, 13, 7, 1, 0, 9, 8, 10]"
997,0.00029342723004694836,0.0002934272300469483,"[12, 6, 11, 5, 4, 3, 2, 13, 7, 1, 0, 9, 8, 10]"
998,0.00029342723004694836,0.0002934272300469483,"[12, 6, 11, 5, 4, 3, 2, 13, 7, 1, 0, 9, 8, 10]"
999,0.00029342723004694836,0.0002934272300469483,"[12, 6, 11, 5, 4, 3, 2, 13, 7, 1, 0, 9, 8, 10]"
1000,0.00029342723004694836,0.0002934272300469483,"[12, 6, 11, 5, 4, 3, 2, 13, 7, 1, 0, 9, 8, 10]"
